basis_kind,budget,method,model_queries,rmse,mc_rmse,rmse_ratio_vs_mc,rmse_ratio_ci_low,rmse_ratio_ci_high
saelens_sae,64,pca_comp,12,0.004472864188125956,0.00821687372964249,0.5443510920692421,0.3595545671297883,0.7155063941979669
saelens_sae,64,per_query_rf,12,0.005648305592537167,0.00821687372964249,0.6874032361189663,0.5605845895570919,0.8426351641594703
saelens_sae,64,output_comp,12,0.006118791183151619,0.00821687372964249,0.7446617027931185,0.44515714008945384,1.0612616885838833
saelens_sae,64,input_concept_comp,12,0.006292587661463907,0.00821687372964249,0.7658128709904968,0.529489634620241,0.9776093766864349
saelens_sae,64,random_comp,12,0.006310242591672677,0.00821687372964249,0.7679614898922428,0.6209288138552694,1.0024651111566842
saelens_sae,64,output_active,12,0.008187479540931325,0.00821687372964249,0.9964227040991119,0.5749303827536082,1.4969675785569234
saelens_sae,64,mc,12,0.00821687372964249,0.00821687372964249,1.0,1.0,1.0
saelens_sae,64,internal,12,0.00852911896335413,0.00821687372964249,1.0380004906957752,0.6072357895379573,1.3261089533171475
saelens_sae,64,random_stratified,12,0.011288476184771953,0.00821687372964249,1.3738164362984688,0.8775233198097097,1.6560738362182705
saelens_sae,64,embedding_ase,12,0.012056652468243678,0.00821687372964249,1.467304094591247,0.8006180945287762,2.034270833296045
saelens_sae,64,ase_output,12,0.013396814699092999,0.00821687372964249,1.630402892862257,1.0578469036149714,2.4503548181130923
saelens_sae,64,embedding_comp,12,0.02004475003499798,0.00821687372964249,2.4394618555091405,0.3191210076730237,3.9624103890478546
saelens_sae,128,input_concept_comp,12,0.00400317426979651,0.0089982866328201,0.44488183508129686,0.2519860547366937,0.8158291700636984
saelens_sae,128,internal,12,0.004339619665662,0.0089982866328201,0.4822717749214381,0.3266828688284945,0.6367026358173552
saelens_sae,128,random_comp,12,0.004482007213730222,0.0089982866328201,0.49809562604759383,0.37462841116263146,0.6763491749159312
saelens_sae,128,per_query_rf,12,0.004673737274552227,0.0089982866328201,0.5194030225160163,0.32432125103940557,0.7889988676812792
saelens_sae,128,pca_comp,12,0.004715965295538456,0.0089982866328201,0.5240959182537679,0.35559147371499367,0.8248761019889072
saelens_sae,128,output_comp,12,0.005786115499673758,0.0089982866328201,0.6430241373473969,0.4052434982341419,0.9115923772364064
saelens_sae,128,output_active,12,0.006180140669005319,0.0089982866328201,0.6868130479933865,0.5851136174521891,0.7619089092138605
saelens_sae,128,embedding_comp,12,0.006887911453754238,0.0089982866328201,0.7654692203992993,0.2910386545477668,1.2503325177012057
saelens_sae,128,random_stratified,12,0.007799213888398055,0.0089982866328201,0.8667443266311855,0.61920441608894,1.3374668527320142
saelens_sae,128,mc,12,0.0089982866328201,0.0089982866328201,1.0,1.0,1.0
saelens_sae,128,embedding_ase,12,0.009468367480359764,0.0089982866328201,1.052241150645847,0.6757935012668926,1.8093759462967094
saelens_sae,128,ase_output,12,0.009762455687993485,0.0089982866328201,1.0849238400993113,0.7370012277553414,1.6466747548669083
saelens_sae,256,pca_comp,12,0.0019891231149439074,0.005323141405073022,0.37367467132251037,0.26824458585419886,0.5079340871045426
saelens_sae,256,output_comp,12,0.00268051302890067,0.005323141405073022,0.5035584864129491,0.29688818384139176,0.7680984185776927
saelens_sae,256,per_query_rf,12,0.0027196144578502776,0.005323141405073022,0.510904041598153,0.42089121929191087,0.6191821628636962
saelens_sae,256,input_concept_comp,12,0.0031189207909076136,0.005323141405073022,0.5859173284285182,0.3584333556568471,0.9206752430430274
saelens_sae,256,internal,12,0.003291849272313553,0.005323141405073022,0.6184034993277425,0.3614507669302838,1.0212789746060575
saelens_sae,256,output_active,12,0.0034204396098550774,0.005323141405073022,0.6425603510354534,0.4306831580597524,0.9763461347617273
saelens_sae,256,random_comp,12,0.004555520967199563,0.005323141405073022,0.8557955952209148,0.41941439615757026,1.3238186027018126
saelens_sae,256,embedding_ase,12,0.004674133496019294,0.005323141405073022,0.878078025799725,0.5988335561787325,1.3331293072455916
saelens_sae,256,ase_output,12,0.004748883718198628,0.005323141405073022,0.8921205274901923,0.5837361234927305,1.366751948586895
saelens_sae,256,mc,12,0.005323141405073022,0.005323141405073022,1.0,1.0,1.0
saelens_sae,256,random_stratified,12,0.005675449889529625,0.005323141405073022,1.0661843181773922,0.6443415583230965,1.4481034988522308
saelens_sae,256,embedding_comp,12,0.0070599446074107175,0.005323141405073022,1.326274105865852,0.26943348747036283,2.620022938122149
saelens_sae,512,per_query_rf,12,0.0014476674735481195,0.0031591169339733782,0.4582506769470278,0.3685388590908504,0.5500963824027266
saelens_sae,512,pca_comp,12,0.001552280147700421,0.0031591169339733782,0.49136520747525514,0.4326982079954972,0.5743198069625294
saelens_sae,512,output_comp,12,0.0015860088810611386,0.0031591169339733782,0.502041840871758,0.39030423096718564,0.5980246540809153
saelens_sae,512,output_active,12,0.0021946361899245824,0.0031591169339733782,0.6946992579867183,0.47087185718487806,0.927384981852192
saelens_sae,512,internal,12,0.002320401020950853,0.0031591169339733782,0.7345093801362932,0.6108541755424481,0.8992795866127491
saelens_sae,512,input_concept_comp,12,0.0023573646306749457,0.0031591169339733782,0.7462099947373493,0.5461183799788424,0.9839665721497319
saelens_sae,512,random_stratified,12,0.002623069770939533,0.0031591169339733782,0.8303174038070088,0.7104208195149194,1.0072499179772416
saelens_sae,512,random_comp,12,0.0028164811813698007,0.0031591169339733782,0.8915406552638659,0.617970967303286,1.2788331327611786
saelens_sae,512,mc,12,0.0031591169339733782,0.0031591169339733782,1.0,1.0,1.0
saelens_sae,512,embedding_comp,12,0.0033557504214866652,0.0031591169339733782,1.0622431811240274,0.47244189438092576,1.3635567565112132
saelens_sae,512,embedding_ase,12,0.003843761415035016,0.0031591169339733782,1.2167202086440423,0.8717206419158188,1.6692837973368848
saelens_sae,512,ase_output,12,0.008580777011401287,0.0031591169339733782,2.7161948072016497,0.7960800628940023,4.634670859809638
saelens_sae,1024,output_comp,12,0.0012687355647581346,0.002722297919987684,0.4660531661295449,0.30576520725995954,0.6804408470310686
saelens_sae,1024,per_query_rf,12,0.0014035579640862888,0.002722297919987684,0.5155783846364026,0.3188083982392101,0.7323015168224599
saelens_sae,1024,pca_comp,12,0.001580484719153294,0.002722297919987684,0.5805700792514452,0.45078267839666836,0.7156987587462177
saelens_sae,1024,input_concept_comp,12,0.0017214682104702088,0.002722297919987684,0.6323584931064404,0.39476644698010677,0.9589062238998207
saelens_sae,1024,output_active,12,0.0019362539545380768,0.002722297919987684,0.7112571847194581,0.47410529689022035,1.0076130492409454
saelens_sae,1024,ase_output,12,0.002059558878843949,0.002722297919987684,0.7565516116815263,0.6033325791741024,0.979304952720946
saelens_sae,1024,internal,12,0.0020865541448443644,0.002722297919987684,0.7664679642607978,0.5822084222424933,1.0263840184568969
saelens_sae,1024,random_comp,12,0.0023412766853537197,0.002722297919987684,0.8600369078503767,0.5703105537899316,1.2157457482003167
saelens_sae,1024,random_stratified,12,0.002556443607688679,0.002722297919987684,0.9390756202393326,0.579233350196864,1.3493166258210745
saelens_sae,1024,embedding_comp,12,0.0026064898154800832,0.002722297919987684,0.9574594302639277,0.5121283191228968,1.559217027840559
saelens_sae,1024,mc,12,0.002722297919987684,0.002722297919987684,1.0,1.0,1.0
saelens_sae,1024,embedding_ase,12,0.003031395844255427,0.002722297919987684,1.1135430189320137,0.7033807593198905,1.656243593260671
saelens_sae,2048,input_concept_comp,12,0.0010754255732906063,0.0014737677820549533,0.7297116861864648,0.5820770036510127,0.8812973712356416
saelens_sae,2048,per_query_rf,12,0.0011999803129521818,0.0014737677820549533,0.8142261810602108,0.6107478277680595,0.983249829305511
saelens_sae,2048,output_comp,12,0.0012902080865049264,0.0014737677820549533,0.8754486983735797,0.7127674562521901,1.0301344539228057
saelens_sae,2048,embedding_comp,12,0.0012931211032566883,0.0014737677820549533,0.8774252762220248,0.692257648306331,1.0805511143640916
saelens_sae,2048,random_comp,12,0.0012986093306519557,0.0014737677820549533,0.881149219343929,0.6332697801527167,1.1329106092747414
saelens_sae,2048,output_active,12,0.0013806260381995757,0.0014737677820549533,0.936800257822501,0.7116715967757994,1.1689902403904844
saelens_sae,2048,random_stratified,12,0.001418030270363593,0.0014737677820549533,0.9621802617956253,0.7359075044563722,1.1905335887913466
saelens_sae,2048,internal,12,0.0014304283496295656,0.0014737677820549533,0.9705927670877992,0.7043049857215355,1.2102339588278226
saelens_sae,2048,mc,12,0.0014737677820549533,0.0014737677820549533,1.0,1.0,1.0
saelens_sae,2048,pca_comp,12,0.0015130973846150828,0.0014737677820549533,1.0266864312268316,0.6447078645447606,1.4447036296156
saelens_sae,2048,embedding_ase,12,0.0017492299786280902,0.0014737677820549533,1.186910176709824,0.8854049154803506,1.5210737036036759
saelens_sae,2048,ase_output,12,0.001811676517863325,0.0014737677820549533,1.2292822111616577,0.8596821772837049,1.523160903813668
sklearn_sdl,64,output_comp,12,0.004406334333815441,0.00711265987908571,0.6195058401108094,0.3955846779604697,0.8478795921686321
sklearn_sdl,64,random_comp,12,0.005500151485181078,0.00711265987908571,0.7732903834406446,0.5262238910684289,0.9826702137677765
sklearn_sdl,64,embedding_comp,12,0.006094517508264222,0.00711265987908571,0.8568549054601549,0.32499225655977826,1.474479402103877
sklearn_sdl,64,internal,12,0.006485765035268813,0.00711265987908571,0.9118621086240553,0.6128208787627162,1.2001651113930505
sklearn_sdl,64,input_concept_comp,12,0.006656842721709477,0.00711265987908571,0.9359146697402849,0.4694680027275766,1.444324115887126
sklearn_sdl,64,mc,12,0.00711265987908571,0.00711265987908571,1.0,1.0,1.0
sklearn_sdl,64,pca_comp,12,0.008661702956956174,0.00711265987908571,1.2177867498522346,0.45282339077157036,1.813471920118853
sklearn_sdl,64,random_stratified,12,0.009016317895262835,0.00711265987908571,1.2676436169504888,0.902534899533345,1.6432078350071178
sklearn_sdl,64,output_active,12,0.009846429949803984,0.00711265987908571,1.384352705906371,0.5979925180022317,2.180528645821434
sklearn_sdl,64,embedding_ase,12,0.011188209251608884,0.00711265987908571,1.5729993338367054,0.9673578039682712,2.1163247075171356
sklearn_sdl,64,ase_output,12,0.015125291248825501,0.00711265987908571,2.1265309330058626,0.8876181781082234,3.1496890328546403
sklearn_sdl,64,per_query_rf,12,0.017966090915844956,0.00711265987908571,2.525931398557805,0.4376364436724049,5.319336724634893
sklearn_sdl,128,per_query_rf,12,0.0028748541864137777,0.007253522252633162,0.3963390593266813,0.3015215379769646,0.6536394045487229
sklearn_sdl,128,embedding_comp,12,0.004063145190519189,0.007253522252633162,0.5601616771829979,0.3595598201428072,1.1359671533241493
sklearn_sdl,128,internal,12,0.004063595416145484,0.007253522252633162,0.5602237471140761,0.3584889994289221,1.0100278786687176
sklearn_sdl,128,output_active,12,0.00453430018004855,0.007253522252633162,0.6251170151718382,0.49974265419759595,0.9706767224287532
sklearn_sdl,128,random_comp,12,0.004962228498692062,0.007253522252633162,0.6841129489732636,0.5089762807488758,1.1621559925697913
sklearn_sdl,128,input_concept_comp,12,0.005754636629021911,0.007253522252633162,0.7933575480426592,0.34037616864591574,1.5178527843484455
sklearn_sdl,128,ase_output,12,0.007223643832271264,0.007253522252633162,0.9958808397739386,0.7116693990505135,1.7537394658431171
sklearn_sdl,128,mc,12,0.007253522252633162,0.007253522252633162,1.0,1.0,1.0
sklearn_sdl,128,pca_comp,12,0.007475590079906884,0.007253522252633162,1.030615171435244,0.47797632213802804,2.2237264004869157
sklearn_sdl,128,random_stratified,12,0.008070755053448104,0.007253522252633162,1.1126670288380616,0.8706168915922512,1.6847560120334462
sklearn_sdl,128,embedding_ase,12,0.010773141026830241,0.007253522252633162,1.4852289207383893,0.9830004397396267,2.5825264329908633
sklearn_sdl,128,output_comp,12,0.011843316695009133,0.007253522252633162,1.6327676792760637,0.7134664265672543,1.9683939707376672
sklearn_sdl,256,per_query_rf,12,0.0022156600368810546,0.003997025803991985,0.5543271786407254,0.45596927417852556,0.6852223233302526
sklearn_sdl,256,input_concept_comp,12,0.0023159679571096436,0.003997025803991985,0.5794228185358714,0.40588943238817654,0.7739546560730982
sklearn_sdl,256,pca_comp,12,0.0025548009161387745,0.003997025803991985,0.6391754873304033,0.46130016633654264,0.820777314214761
sklearn_sdl,256,random_stratified,12,0.003393582372377599,0.003997025803991985,0.8490268861882992,0.5924788756262774,1.0839366361862293
sklearn_sdl,256,internal,12,0.003900514805984925,0.003997025803991985,0.9758542969848553,0.6210363000756652,1.2448941809284988
sklearn_sdl,256,mc,12,0.003997025803991985,0.003997025803991985,1.0,1.0,1.0
sklearn_sdl,256,output_comp,12,0.004125622693137177,0.003997025803991985,1.0321731445958535,0.6752035004430409,1.308135450863002
sklearn_sdl,256,output_active,12,0.004198287554065558,0.003997025803991985,1.050352877350095,0.612761125849987,1.3863096105077937
sklearn_sdl,256,ase_output,12,0.004947163060036311,0.003997025803991985,1.2377110638353614,0.8926677711241909,1.511977124592338
sklearn_sdl,256,random_comp,12,0.005141290100788529,0.003997025803991985,1.286278936616752,0.6504242044448721,1.9264319792071163
sklearn_sdl,256,embedding_ase,12,0.005733668426524023,0.003997025803991985,1.4344837155661054,1.1152057594150893,1.6449061762285728
sklearn_sdl,256,embedding_comp,12,0.00637674483273445,0.003997025803991985,1.5953724457734915,0.4712575463305087,2.3893401206156515
sklearn_sdl,512,per_query_rf,12,0.001628293969274297,0.0024398884865548497,0.6673640939932737,0.5222135992943507,0.9319488559265422
sklearn_sdl,512,pca_comp,12,0.0021071954981970076,0.0024398884865548497,0.8636441828423035,0.587571750389482,1.3495919532777017
sklearn_sdl,512,embedding_comp,12,0.002156718667539641,0.0024398884865548497,0.8839414913527266,0.5555985226244426,1.14127124051976
sklearn_sdl,512,internal,12,0.0022134721067601153,0.0024398884865548497,0.907202160655122,0.592019695520553,1.501536358786154
sklearn_sdl,512,random_comp,12,0.002409677209956019,0.0024398884865548497,0.9876177633669277,0.6420335713470336,1.5778167065927704
sklearn_sdl,512,mc,12,0.0024398884865548497,0.0024398884865548497,1.0,1.0,1.0
sklearn_sdl,512,input_concept_comp,12,0.0025355860840785903,0.0024398884865548497,1.0392221193923772,0.632492777948061,1.7999009228076635
sklearn_sdl,512,output_comp,12,0.0027495507809521544,0.0024398884865548497,1.1269165767631255,0.9505894018300961,1.3504123605449856
sklearn_sdl,512,output_active,12,0.002972996691386283,0.0024398884865548497,1.2184969549916556,0.6505408991373786,1.5764510187526342
sklearn_sdl,512,embedding_ase,12,0.003421568274192403,0.0024398884865548497,1.402346169936519,1.051044953802443,2.0132539736040234
sklearn_sdl,512,random_stratified,12,0.0041357572742883415,0.0024398884865548497,1.69505995748522,1.2186027168441587,2.4789453169642903
sklearn_sdl,512,ase_output,12,0.007121194760058893,0.0024398884865548497,2.9186558317319253,1.0346763290266068,5.7564293988669455
sklearn_sdl,1024,per_query_rf,12,0.0013246671116333077,0.0020657543670880205,0.6412510280690427,0.46002449312146515,0.7797999883017563
sklearn_sdl,1024,pca_comp,12,0.0013930794256064123,0.0020657543670880205,0.6743683798041096,0.5086907780466718,0.8030210156365301
sklearn_sdl,1024,output_comp,12,0.0016939646676105797,0.0020657543670880205,0.8200223098153088,0.576213527830447,1.0125202670259406
sklearn_sdl,1024,internal,12,0.0017169519223382199,0.0020657543670880205,0.8311500871996277,0.5767186295498835,1.182027551217148
sklearn_sdl,1024,input_concept_comp,12,0.0017629729122673981,0.0020657543670880205,0.8534281424526593,0.6144370591973101,1.135296988344959
sklearn_sdl,1024,random_comp,12,0.0017809170941056433,0.0020657543670880205,0.862114645613023,0.6290176797377665,1.1478209760391906
sklearn_sdl,1024,output_active,12,0.0018810646500123738,0.0020657543670880205,0.9105945411428593,0.6875407010461276,1.2393010914593836
sklearn_sdl,1024,embedding_comp,12,0.0019808348161279247,0.0020657543670880205,0.9588917480640246,0.5842794617100214,1.2515759088222864
sklearn_sdl,1024,mc,12,0.0020657543670880205,0.0020657543670880205,1.0,1.0,1.0
sklearn_sdl,1024,random_stratified,12,0.002406361131275801,0.0020657543670880205,1.1648825095637654,0.8133050775140577,1.4138615761050775
sklearn_sdl,1024,embedding_ase,12,0.0024755307462094706,0.0020657543670880205,1.1983664590766854,0.8861741907348254,1.470859897466717
sklearn_sdl,1024,ase_output,12,0.003940693787495273,0.0020657543670880205,1.9076294114533332,0.6697232800300986,3.3038351196891362
sklearn_sdl,2048,internal,12,0.0011988749473359098,0.0014737677820549533,0.8134761540683528,0.5750489824676958,1.018949966095135
sklearn_sdl,2048,per_query_rf,12,0.0012575301582942219,0.0014737677820549533,0.8532756473620154,0.6358644958063489,1.0582260540992212
sklearn_sdl,2048,output_active,12,0.0012842935069028044,0.0014737677820549533,0.871435461231243,0.6791394105377861,1.0597099698626904
sklearn_sdl,2048,output_comp,12,0.001286948866919935,0.0014737677820549533,0.8732372104955866,0.6659265489965729,1.0620474981982553
sklearn_sdl,2048,input_concept_comp,12,0.0013298528079163363,0.0014737677820549533,0.9023489481240059,0.6592197754348479,1.1168683747979542
sklearn_sdl,2048,embedding_comp,12,0.0013839728238722406,0.0014737677820549533,0.9390711621762373,0.7311517387079295,1.1753886089176522
sklearn_sdl,2048,mc,12,0.0014737677820549533,0.0014737677820549533,1.0,1.0,1.0
sklearn_sdl,2048,pca_comp,12,0.0015790729319358821,0.0014737677820549533,1.0714530139436866,0.6572039691950773,1.5300427657255218
sklearn_sdl,2048,ase_output,12,0.0017144039678683401,0.0014737677820549533,1.1632795809105387,0.8502793071108452,1.4993200759583316
sklearn_sdl,2048,embedding_ase,12,0.0017308860591326097,0.0014737677820549533,1.174463222909611,0.9205464762572374,1.4463468755604962
sklearn_sdl,2048,random_comp,12,0.001770633173766958,0.0014737677820549533,1.201432949835604,0.8681225799984127,1.5156029179124841
sklearn_sdl,2048,random_stratified,12,0.001869774827263176,0.0014737677820549533,1.26870382839829,0.9240930462475331,1.605567637368324
spd,64,embedding_comp,12,0.003483342843785018,0.0073394032644199195,0.47460845497775345,0.3076291395868177,0.6407344065080737
spd,64,per_query_rf,12,0.004558540583086446,0.0073394032644199195,0.6211050706513722,0.41310155561677564,0.8085803262831879
spd,64,input_concept_comp,12,0.004798396879797067,0.0073394032644199195,0.6537856971368251,0.4818227535154172,0.8581036787886741
spd,64,pca_comp,12,0.00538814525054634,0.0073394032644199195,0.7341394192995335,0.45188430387050615,1.0051204367515
spd,64,output_active,12,0.005536863839422177,0.0073394032644199195,0.7544024547968194,0.5389268447718315,0.9579504946745477
spd,64,mc,12,0.0073394032644199195,0.0073394032644199195,1.0,1.0,1.0
spd,64,output_comp,12,0.007469767036672992,0.0073394032644199195,1.0177621759639577,0.49368113539559316,1.524882220273794
spd,64,random_comp,12,0.009137610768908908,0.0073394032644199195,1.2450073173123446,0.8089639046476297,1.6974902761101178
spd,64,internal,12,0.00953395942821659,0.0073394032644199195,1.299010162642987,0.6616422055335349,1.876849887125844
spd,64,embedding_ase,12,0.011435142875162157,0.0073394032644199195,1.558048040580851,1.1887831968437246,1.8863900625539287
spd,64,random_stratified,12,0.014208772829302302,0.0073394032644199195,1.9359575046358095,1.2001232466398746,2.565545990139595
spd,64,ase_output,12,0.019461382247654556,0.0073394032644199195,2.6516300503611467,0.8179098238941547,4.312322796398419
spd,128,pca_comp,12,0.0032177638912757114,0.007566701369689143,0.42525318947639457,0.3090298121608045,0.667510686930456
spd,128,input_concept_comp,12,0.0038209566376234847,0.007566701369689143,0.5049699269128759,0.2992660470469131,0.9321858069781512
spd,128,per_query_rf,12,0.00416828295974331,0.007566701369689143,0.5508718735010091,0.5022100519379771,0.7013932822035819
spd,128,output_active,12,0.0041931016451682325,0.007566701369689143,0.554151860937059,0.4046824157208945,0.8620058972331961
spd,128,internal,12,0.004540524612779614,0.007566701369689143,0.6000665799985375,0.487205448913196,0.8349491534053696
spd,128,ase_output,12,0.005609121997469871,0.007566701369689143,0.7412902562719091,0.4331486200775843,1.3154536893448567
spd,128,output_comp,12,0.00576841667590564,0.007566701369689143,0.7623423198664729,0.3162723221379057,1.5881839093534997
spd,128,random_comp,12,0.006263549353872516,0.007566701369689143,0.827778056494099,0.45869574457839085,1.6751924459291083
spd,128,random_stratified,12,0.007346648769761921,0.007566701369689143,0.9709182919774376,0.6710158271940456,1.8262157393247747
spd,128,mc,12,0.007566701369689143,0.007566701369689143,1.0,1.0,1.0
spd,128,embedding_comp,12,0.008657257408505939,0.007566701369689143,1.1441256877383015,0.2821469487323108,2.4463729057430346
spd,128,embedding_ase,12,0.009628970242511721,0.007566701369689143,1.2725452970938775,0.8523189758536006,2.384097507656477
spd,256,per_query_rf,12,0.0021448123235800133,0.004677861038719454,0.45850278702745456,0.2990193378170212,0.6434873465223255
spd,256,embedding_comp,12,0.002452313082885815,0.004677861038719454,0.5242381213523877,0.3223160717522783,0.8514478873235952
spd,256,internal,12,0.0027971351619536134,0.004677861038719454,0.5979517430725814,0.4990548624199187,0.7819401069835963
spd,256,input_concept_comp,12,0.0028729829630608785,0.004677861038719454,0.6141659487703265,0.41365303153049937,0.9362116079992371
spd,256,pca_comp,12,0.0028874132757600473,0.004677861038719454,0.6172507588105834,0.4372233304536501,0.8530164082869632
spd,256,random_comp,12,0.0035979437955632114,0.004677861038719454,0.769142940712094,0.5910755778723066,1.0767009203523763
spd,256,output_comp,12,0.003650250626780377,0.004677861038719454,0.7803247246052479,0.5793951157978775,0.8790927312028836
spd,256,embedding_ase,12,0.0037373191233065137,0.004677861038719454,0.7989376110944908,0.5819499284978172,1.170184992970858
spd,256,random_stratified,12,0.004387298790973425,0.004677861038719454,0.9378856607024032,0.7090739758586165,1.3068945565003982
spd,256,output_active,12,0.004649308073536077,0.004677861038719454,0.9938961493411114,0.5941150892303051,1.3720160507041015
spd,256,mc,12,0.004677861038719454,0.004677861038719454,1.0,1.0,1.0
spd,256,ase_output,12,0.005192401794606239,0.004677861038719454,1.109994878348853,0.901998424884493,1.521682924877182
spd,512,per_query_rf,12,0.0015531743765554704,0.0032351609770317506,0.4800918370313995,0.39549847291582924,0.6228251595476265
spd,512,pca_comp,12,0.001787852860278557,0.0032351609770317506,0.5526318081145087,0.4056007554299763,0.8045835006657223
spd,512,input_concept_comp,12,0.002610233399977055,0.0032351609770317506,0.8068326177610906,0.5441490976644181,1.213783160228554
spd,512,internal,12,0.002702684474538727,0.0032351609770317506,0.8354095804587847,0.585916197450191,1.1589922381874156
spd,512,random_comp,12,0.002711893093466786,0.0032351609770317506,0.838255997992081,0.7002248305945756,1.03174219214218
spd,512,output_comp,12,0.0028893312588125185,0.0032351609770317506,0.8931027789113203,0.5592184773959649,1.1591319349710545
spd,512,mc,12,0.0032351609770317506,0.0032351609770317506,1.0,1.0,1.0
spd,512,random_stratified,12,0.003486094397256886,0.0032351609770317506,1.0775644309530978,0.8012069426365702,1.3471223043482186
spd,512,embedding_comp,12,0.0034908440774402286,0.0032351609770317506,1.0790325743367077,0.6139610920025753,1.4380430945429352
spd,512,ase_output,12,0.0035766576773293046,0.0032351609770317506,1.1055578695224235,0.7816111739747243,1.4087017901946914
spd,512,output_active,12,0.0038043496819359823,0.0032351609770317506,1.1759382945532622,0.6457632049462829,1.7516608544649468
spd,512,embedding_ase,12,0.006534737222077738,0.0032351609770317506,2.0199109931380717,0.8520180387948151,2.8683316952211384
spd,1024,per_query_rf,12,0.0012620164087712052,0.0020955069134162615,0.6022487450130938,0.45939146677135606,0.7532103016701978
spd,1024,output_comp,12,0.0014697241750847411,0.0020955069134162615,0.701369279993775,0.5401730407901314,0.9067231962656545
spd,1024,input_concept_comp,12,0.0015670185126175626,0.0020955069134162615,0.7477992568694917,0.5111217868518791,1.010341009647864
spd,1024,output_active,12,0.0018267216329907957,0.0020955069134162615,0.871732572818254,0.5962063563751321,1.2201098144073206
spd,1024,internal,12,0.0019470004582830321,0.0020955069134162615,0.9291310116027619,0.5756153506278571,1.3027337777897556
spd,1024,mc,12,0.0020955069134162615,0.0020955069134162615,1.0,1.0,1.0
spd,1024,ase_output,12,0.0022437749135599608,0.0020955069134162615,1.0707551949337075,0.72165217104619,1.4668653913420908
spd,1024,random_comp,12,0.0023339037630669755,0.0020955069134162615,1.1137657185115466,0.7853762533149377,1.635784444299162
spd,1024,pca_comp,12,0.002337961447624574,0.0020955069134162615,1.1157020922508167,0.5642241740834633,1.5800047903534868
spd,1024,embedding_comp,12,0.0023518757564299723,0.0020955069134162615,1.1223421604444903,0.6665691040804168,1.5168778932905296
spd,1024,random_stratified,12,0.0025523075445984893,0.0020955069134162615,1.217990514971633,0.7925341392889987,1.8220014811854086
spd,1024,embedding_ase,12,0.003334530084122738,0.0020955069134162615,1.5912761073579675,1.0966295091730307,2.2042298006076386
spd,2048,per_query_rf,12,0.0011678368726392389,0.0014737677820549533,0.7924157976983738,0.599566454209516,0.9595146861759464
spd,2048,internal,12,0.0012720271656567561,0.0014737677820549533,0.8631123445262866,0.685441994978381,1.045966867363456
spd,2048,output_active,12,0.0012800322060279098,0.0014737677820549533,0.8685440281799974,0.7041319131467559,1.0406175376371818
spd,2048,output_comp,12,0.0012923483054807692,0.0014737677820549533,0.8769009074677822,0.6598688992523004,1.0919660828751414
spd,2048,input_concept_comp,12,0.0013215927980064475,0.0014737677820549533,0.8967442592371506,0.6654006424371416,1.1500729696353047
spd,2048,pca_comp,12,0.0013954419304911428,0.0014737677820549533,0.9468533289182122,0.7119021783510863,1.1954362331876756
spd,2048,random_comp,12,0.0014544132229618173,0.0014737677820549533,0.9868672939327328,0.7539526013172202,1.25515649360911
spd,2048,mc,12,0.0014737677820549533,0.0014737677820549533,1.0,1.0,1.0
spd,2048,random_stratified,12,0.0015598603441957224,0.0014737677820549533,1.0584166401172956,0.7723024103161922,1.3365290217945613
spd,2048,ase_output,12,0.0017670171713553872,0.0014737677820549533,1.1989793730539695,0.8451305538381332,1.6627405287202388
spd,2048,embedding_comp,12,0.0018657635211989363,0.0014737677820549533,1.2659820250632718,0.645606267192719,1.7630536350525585
spd,2048,embedding_ase,12,0.002037758670998447,0.0014737677820549533,1.3826864013522477,0.9350172627057307,1.7791744835725178
