basis,method,budget,observed_queries,build_labels,method_rmse,same_budget_mc_rmse_theory,ratio_vs_same_budget_mc_theory,ratio_at_observed_queries,break_even_queries_extrapolated,labels_per_query_at_break_even
global,ase_output,64,12,0,0.016196650666448792,0.009528281721551717,1.6998501030688569,1.6998501030688569,,
global,ase_output,128,12,0,0.007723315800398024,0.006715778650061436,1.1500253660574966,1.1500253660574966,,
global,ase_output,256,12,0,0.004966130462381678,0.004717885970676192,1.052617738802599,1.052617738802599,,
global,ase_output,512,12,0,0.006761006558959505,0.003291934174637207,2.053809766625912,2.053809766625912,,
global,ase_output,1024,12,0,0.00287549277892496,0.002264071973031093,1.2700536083556166,1.2700536083556166,,
global,ase_output,2048,12,0,0.0017648137252304075,0.001506856842412439,1.1711887125289129,1.1711887125289129,,
global,embedding_ase,64,12,0,0.011565774042019247,0.009528281721551717,1.2138362802454707,1.2138362802454707,,
global,embedding_ase,128,12,0,0.009973759208680946,0.006715778650061436,1.4851232788307738,1.4851232788307738,,
global,embedding_ase,256,12,0,0.004785047258329956,0.004717885970676192,1.0142354622538998,1.0142354622538998,,
global,embedding_ase,512,12,0,0.004802236348212389,0.003291934174637207,1.4587886918308832,1.4587886918308832,,
global,embedding_ase,1024,12,0,0.002968540838072637,0.002264071973031093,1.3111512679070954,1.3111512679070954,,
global,embedding_ase,2048,12,0,0.0018446528552422544,0.001506856842412439,1.2241725977691502,1.2241725977691502,,
global,embedding_comp,64,12,6000,0.012261984953389262,0.009528281721551717,1.2869041146898783,3.9201941818827732,,
global,embedding_comp,128,12,6000,0.00680442451328847,0.006715778650061436,1.0131996404059898,2.3033307067463418,,
global,embedding_comp,256,12,6000,0.005672140453655923,0.004717885970676192,1.202263151104299,2.1211878003904543,,
global,embedding_comp,512,12,6000,0.00306041874450861,0.003291934174637207,0.929671913882023,1.3428910911187832,80.0,587.0
global,embedding_comp,1024,12,6000,0.00232728850100061,0.002264071973031093,1.0279216070524844,1.290471590895127,,
global,embedding_comp,2048,12,6000,0.001534993646234554,0.001506856842412439,1.0186725128958294,1.1737377857305051,,
global,input_concept_comp,64,12,6000,0.0059703385474867005,0.009528281721551717,0.6265913122596471,1.908735537247467,62.0,160.7741935483871
global,input_concept_comp,128,12,6000,0.004609445251981056,0.006715778650061436,0.6863605089096987,1.560319578712327,43.0,267.5348837209302
global,input_concept_comp,256,12,6000,0.0027895881168105837,0.004717885970676192,0.5912792581569676,1.0432111704284213,14.0,684.5714285714286
global,input_concept_comp,512,12,6000,0.0025033100216903486,0.003291934174637207,0.7604374476795941,1.0984355433282702,18.0,845.3333333333333
global,input_concept_comp,1024,12,6000,0.0016859293488492976,0.002264071973031093,0.7446447678923431,0.9348406645806601,9.0,1690.6666666666665
global,input_concept_comp,2048,12,6000,0.0012478857023185128,0.001506856842412439,0.8281381928230687,0.9541997810069607,9.0,2714.6666666666665
saelens_sae,internal,64,12,6000,0.008529118963353762,0.009528281721551717,0.8951371519653978,2.726785480802899,382.0,79.70680628272251
saelens_sae,internal,128,12,6000,0.004339619665661802,0.006715778650061436,0.6461826530899888,1.468982308790199,35.0,299.42857142857144
saelens_sae,internal,256,12,6000,0.003291849272313553,0.004717885970676192,0.6977382015533852,1.2310397766428927,24.0,506.0
saelens_sae,internal,512,12,6000,0.0023204010209508536,0.003291934174637207,0.7048746718049359,1.0181763082091408,13.0,973.5384615384615
saelens_sae,internal,1024,12,6000,0.0020865541448443644,0.002264071973031093,0.9215935578456583,1.1569854126931132,38.0,1181.8947368421052
saelens_sae,internal,2048,12,6000,0.0014304283496295656,0.001506856842412439,0.9492795263413919,1.0937815982879946,35.0,2219.4285714285716
sklearn_sdl,internal,64,12,6000,0.006485765035268144,0.009528281721551717,0.6806856917966855,2.073518965564315,83.0,136.28915662650604
sklearn_sdl,internal,128,12,6000,0.004063595416145158,0.006715778650061436,0.6050817973442267,1.3755467613053698,29.0,334.8965517241379
sklearn_sdl,internal,256,12,6000,0.003900514805984825,0.004717885970676192,0.8267505467975063,1.4586600048601763,53.0,369.20754716981133
sklearn_sdl,internal,512,12,6000,0.002213472106760115,0.003291934174637207,0.6723925781426217,0.9712566222977269,11.0,1057.4545454545455
sklearn_sdl,internal,1024,12,6000,0.0017169519223382199,0.002264071973031093,0.7583468824268867,0.9520425498418548,10.0,1624.0
sklearn_sdl,internal,2048,12,6000,0.0011988749473359098,0.001506856842412439,0.7956130360841325,0.9167235509447871,8.0,2798.0
spd,internal,64,12,6000,0.009533959428216129,0.009528281721551717,1.0005958793862664,3.0480360580175634,,
spd,internal,128,12,6000,0.004540524612779412,0.006715778650061436,0.6760980147458963,1.536989608001106,41.0,274.3414634146342
spd,internal,256,12,6000,0.002797135161953614,0.004717885970676192,0.5928789248699696,1.0460335088767,14.0,684.5714285714286
spd,internal,512,12,6000,0.0027026844745387272,0.003291934174637207,0.8210019797362993,1.1859197077117158,27.0,734.2222222222222
spd,internal,1024,12,6000,0.0019470004582830323,0.002264071973031093,0.8599551964226774,1.0796034861143273,20.0,1324.0
spd,internal,2048,12,6000,0.0012720271656567566,0.001506856842412439,0.8441592657337467,0.9726596279206166,10.0,2648.0
global,mc,64,12,0,0.007571300740784485,0.009528281721551717,0.7946134425957622,0.7946134425957622,1.0,64.0
global,mc,128,12,0,0.007975749014228196,0.006715778650061436,1.1876134443703315,1.1876134443703315,,
global,mc,256,12,0,0.004697319575876935,0.004717885970676192,0.9956407605170862,0.9956407605170862,1.0,256.0
global,mc,512,12,0,0.002966442435906985,0.003291934174637207,0.9011244692442573,0.9011244692442573,1.0,512.0
global,mc,1024,12,0,0.0023144039041394547,0.002264071973031093,1.022230711615134,1.022230711615134,,
global,mc,2048,12,0,0.0014737677820549535,0.001506856842412439,0.9780410060025936,0.9780410060025936,1.0,2048.0
global,output_active,64,12,0,0.00805489220217234,0.009528281721551717,0.8453667132819169,0.8453667132819169,1.0,64.0
global,output_active,128,12,0,0.005044340664486818,0.006715778650061436,0.7511177671766582,0.7511177671766582,1.0,128.0
global,output_active,256,12,0,0.004120723685387037,0.004717885970676192,0.8734258756992452,0.8734258756992452,1.0,256.0
global,output_active,512,12,0,0.003062037112531632,0.003291934174637207,0.9301635300375012,0.9301635300375012,1.0,512.0
global,output_active,1024,12,0,0.0018818780972233626,0.002264071973031093,0.8311918170622212,0.8311918170622212,1.0,1024.0
global,output_active,2048,12,0,0.0013158040023367255,0.001506856842412439,0.8732110213138476,0.8732110213138476,1.0,2048.0
global,output_comp,64,12,6000,0.0061278818359618535,0.009528281721551717,0.6431255933692003,1.9591026095626445,68.0,152.23529411764707
global,output_comp,128,12,6000,0.008306983284375853,0.006715778650061436,1.2369352412024273,2.8119541398342967,,
global,output_comp,256,12,6000,0.003536959256316989,0.004717885970676192,0.7496915521699338,1.32270258225746,32.0,443.5
global,output_comp,512,12,6000,0.002478150438733721,0.003291934174637207,0.752794651189169,1.0873956881223956,17.0,864.9411764705883
global,output_comp,1024,12,6000,0.0014876486345038699,0.002264071973031093,0.6570677311606117,0.8248948504819122,6.0,2024.0
global,output_comp,2048,12,6000,0.0012898369968369677,0.001506856842412439,0.8559784582933385,0.9862779721170074,11.0,2593.4545454545455
global,pca_comp,64,12,6000,0.0064307521955299365,0.009528281721551717,0.6749120548130334,2.0559311920439307,80.0,139.0
global,pca_comp,128,12,6000,0.00543073905871381,0.006715778650061436,0.80865367095804,1.8383315164763208,91.0,193.93406593406593
global,pca_comp,256,12,6000,0.0025047138168223957,0.004717885970676192,0.5308974893395754,0.9366778617565181,11.0,801.4545454545455
global,pca_comp,512,12,6000,0.0018299603251229967,0.003291934174637207,0.5558921375834225,0.8029742407368107,7.0,1369.142857142857
global,pca_comp,1024,12,6000,0.0018170182501471793,0.002264071973031093,0.8025443854218965,1.007528903676861,13.0,1485.5384615384614
global,pca_comp,2048,12,6000,0.001497797627749316,0.001506856842412439,0.993988005755995,1.1452957316008667,305.0,2067.6721311475408
global,per_query_rf,64,12,6000,0.011187255712204051,0.009528281721551717,1.174110510072341,3.5765999486155877,,
global,per_query_rf,128,12,6000,0.003978407953656853,0.006715778650061436,0.5923971233954322,1.3467103919994976,27.0,350.22222222222223
global,per_query_rf,256,12,6000,0.0023738626821954625,0.004717885970676192,0.5031623691098299,0.8877439834956227,9.0,922.6666666666666
global,per_query_rf,512,12,6000,0.001544822860215448,0.003291934174637207,0.46927513682308,0.6778578454541048,5.0,1712.0
global,per_query_rf,1024,12,6000,0.0013313405939378985,0.002264071973031093,0.5880292719473609,0.7382227057554875,5.0,2224.0
global,per_query_rf,2048,12,6000,0.0012090185843054832,0.001506856842412439,0.8023446888092405,0.9244799152953024,8.0,2798.0
global,random_comp,64,12,6000,0.007154643212389282,0.009528281721551717,0.7508849361796704,2.2873613694088797,123.0,112.78048780487805
global,random_comp,128,12,6000,0.005289743246622023,0.006715778650061436,0.7876589629072471,1.7906037500973386,79.0,203.9493670886076
global,random_comp,256,12,6000,0.004477009222650371,0.004717885970676192,0.9489439232904356,1.67424932843484,219.0,283.3972602739726
global,random_comp,512,12,6000,0.00265163312266136,0.003291934174637207,0.8054939685887211,1.1635187190402474,24.0,762.0
global,random_comp,1024,12,6000,0.002167975168117075,0.002264071973031093,0.957555764101719,1.202133024340689,73.0,1106.1917808219177
global,random_comp,2048,12,6000,0.0015206189367958638,0.001506856842412439,1.00913298064957,1.1627461183262289,,
global,random_stratified,64,12,0,0.011699186699329131,0.009528281721551717,1.2278380343086532,1.2278380343086532,,
global,random_stratified,128,12,0,0.00774463411134789,0.006715778650061436,1.153199727819654,1.153199727819654,,
global,random_stratified,256,12,0,0.004581685404882786,0.004717885970676192,0.9711310178669103,0.9711310178669103,1.0,256.0
global,random_stratified,512,12,0,0.003470726984443352,0.003291934174637207,1.0543123891065802,1.0543123891065802,,
global,random_stratified,1024,12,0,0.00250600955143309,0.002264071973031093,1.1068594909012968,1.1068594909012968,,
global,random_stratified,2048,12,0,0.0016268611952395613,0.001506856842412439,1.0796388545012667,1.0796388545012667,,
