budget,rate_bin,MC,SAELens SAE,sklearn sparse DL,SPD
128,<=0.003,0.003804590497565627,0.0014546082948484614,0.0022553909924050014,0.0016528358548666532
128,0.003-0.008,0.007341380823512245,0.00355390204780028,0.0035278483366169167,0.004167920340762381
128,>0.008,0.011066478019852843,0.00646148523723416,0.005657377546492318,0.006461088526532762
512,<=0.003,0.0015168844101651525,0.0011892443672942385,0.0017302706905567352,0.0009983467738818724
512,0.003-0.008,0.002833124800843192,0.002017055935521656,0.0024037079272524083,0.002991639743138556
512,>0.008,0.004008965917252782,0.003266491371781819,0.002434487182155502,0.0034593215336379993
2048,<=0.003,0.0005432666954568245,0.0005015126065690606,0.0004621936223044088,0.0004723395469042324
2048,0.003-0.008,0.0018274034672754362,0.0014327214845180048,0.0012933208504155498,0.0013953997445996659
2048,>0.008,0.0016974782153732241,0.0019581036855909136,0.001557434316891268,0.001638265618179108
