basis_kind,method,budget,cells,model_queries,mean_reference_rate,rmse,mc_rmse,mae,rmse_ratio_vs_mc,effective_mc_multiplier
saelens_sae,input_concept_comp,64,12,12,0.0059,0.0059703385474867005,0.007571300740784485,0.004219342274932783,0.7885485931533734,1.6082111821021736
saelens_sae,output_comp,64,12,12,0.0059,0.0061278818359618535,0.007571300740784485,0.0041497613088237245,0.8093565485984018,1.526582325925848
saelens_sae,pca_comp,64,12,12,0.0059,0.0064307521955299365,0.007571300740784485,0.004217195947303552,0.8493589695743121,1.3861730309252924
saelens_sae,random_comp,64,12,12,0.0059,0.007154643212389282,0.007571300740784485,0.005316607896653278,0.9449688312933093,1.1198633507242644
saelens_sae,mc,64,12,12,0.0059,0.007571300740784485,0.007571300740784485,0.0061671296296296205,1.0,1.0
saelens_sae,output_active,64,12,12,0.0059,0.008054892202172342,0.007571300740784485,0.005605863380873036,1.0638716487357165,0.8835304651172909
saelens_sae,internal,64,12,12,0.0059,0.008529118963353762,0.007571300740784485,0.005419718555714283,1.1265064293919507,0.788011672388552
saelens_sae,per_query_rf,64,12,12,0.0059,0.011187255712204051,0.007571300740784485,0.004518262035850193,1.4775870217308136,0.4580299366953145
saelens_sae,embedding_ase,64,12,12,0.0059,0.011565774042019247,0.007571300740784485,0.007838989679368255,1.5275808527480157,0.4285402195148608
saelens_sae,random_stratified,64,12,12,0.0059,0.011699186699329131,0.007571300740784485,0.007977848742291,1.545201689890467,0.4188221589129402
saelens_sae,embedding_comp,64,12,12,0.0059,0.01226198495338926,0.007571300740784485,0.003916681653492466,1.619534789753809,0.38125841378081715
saelens_sae,ase_output,64,12,12,0.0059,0.016196650666448792,0.007571300740784485,0.009397020654698931,2.1392163937171262,0.21851968398132485
saelens_sae,per_query_rf,128,12,12,0.0059,0.003978407953656853,0.007975749014228196,0.002838607040757671,0.49881308282891584,4.019058510476357
saelens_sae,internal,128,12,12,0.0059,0.004339619665661802,0.007975749014228196,0.003080530667430673,0.5441018339368773,3.3778442488428664
saelens_sae,input_concept_comp,128,12,12,0.0059,0.004609445251981058,0.007975749014228196,0.0031202540333524977,0.5779325858622331,2.993957530827951
saelens_sae,output_active,128,12,12,0.0059,0.005044340664486817,0.007975749014228196,0.003473394210122141,0.6324598047767118,2.499966221342677
saelens_sae,random_comp,128,12,12,0.0059,0.005289743246622023,0.007975749014228196,0.0036811922946787187,0.6632283986350974,2.273389093720315
saelens_sae,pca_comp,128,12,12,0.0059,0.00543073905871381,0.007975749014228196,0.0033148679426724553,0.6809064639604054,2.156875542858303
saelens_sae,embedding_comp,128,12,12,0.0059,0.00680442451328847,0.007975749014228196,0.003200531642330295,0.8531392476305156,1.3739159229203224
saelens_sae,ase_output,128,12,12,0.0059,0.007723315800398024,0.007975749014228196,0.005887910917938367,0.9683499050208515,1.0664374098630396
saelens_sae,random_stratified,128,12,12,0.0059,0.0077446341113478895,0.007975749014228196,0.005636793271892531,0.9710227964209991,1.0605744204275414
saelens_sae,mc,128,12,12,0.0059,0.007975749014228196,0.007975749014228196,0.005380092592592578,1.0,1.0
saelens_sae,output_comp,128,12,12,0.0059,0.008306983284375853,0.007975749014228196,0.004089463571420445,1.0415301772356123,0.9218415617032018
saelens_sae,embedding_ase,128,12,12,0.0059,0.009973759208680944,0.007975749014228196,0.00727740475680708,1.2505106656300786,0.6394773986660478
saelens_sae,per_query_rf,256,12,12,0.0059,0.0023738626821954625,0.004697319575876935,0.0016874284123614997,0.5053653778181123,3.91551623592983
saelens_sae,pca_comp,256,12,12,0.0059,0.002504713816822396,0.004697319575876935,0.0018995746258585594,0.533221931436248,3.5170941376451537
saelens_sae,input_concept_comp,256,12,12,0.0059,0.0027895881168105837,0.004697319575876935,0.0021313011138876007,0.5938680713010249,2.8354372921290185
saelens_sae,internal,256,12,12,0.0059,0.003291849272313553,0.004697319575876935,0.0024116415346285432,0.700793126620303,2.0361995295050646
saelens_sae,output_comp,256,12,12,0.0059,0.003536959256316989,0.004697319575876935,0.002390859964934163,0.7529739459246139,1.7637624875851334
saelens_sae,output_active,256,12,12,0.0059,0.004120723685387037,0.004697319575876935,0.0027392345358867053,0.8772500186167865,1.299431013318583
saelens_sae,random_comp,256,12,12,0.0059,0.004477009222650371,0.004697319575876935,0.0030366002895000506,0.9530987088130075,1.1008400911274694
saelens_sae,random_stratified,256,12,12,0.0059,0.004581685404882786,0.004697319575876935,0.003314223764303239,0.9753829457148312,1.0511136703526214
saelens_sae,mc,256,12,12,0.0059,0.004697319575876935,0.004697319575876935,0.0035976851851851643,1.0,1.0
saelens_sae,embedding_ase,256,12,12,0.0059,0.004785047258329956,0.004697319575876935,0.0037576772644262965,1.0186761153964372,0.9636686993083533
saelens_sae,ase_output,256,12,12,0.0059,0.004966130462381678,0.004697319575876935,0.0037909312141887145,1.057226442051169,0.8946722493056379
saelens_sae,embedding_comp,256,12,12,0.0059,0.005672140453655923,0.004697319575876935,0.002676898907164003,1.2075270507003988,0.6858138683146314
saelens_sae,per_query_rf,512,12,12,0.0059,0.001544822860215448,0.0029664424359069847,0.0012037224123288203,0.5207661680928999,3.687350960044413
saelens_sae,pca_comp,512,12,12,0.0059,0.001829960325122997,0.0029664424359069847,0.0013350107773370719,0.6168871854624375,2.6277769718529727
saelens_sae,internal,512,12,12,0.0059,0.002320401020950853,0.0029664424359069847,0.0018251144664397612,0.7822167701162199,1.634352586586179
saelens_sae,output_comp,512,12,12,0.0059,0.002478150438733721,0.0029664424359069847,0.0016553891171789863,0.835394750539304,1.432902090137456
saelens_sae,input_concept_comp,512,12,12,0.0059,0.002503310021690349,0.0029664424359069847,0.0018310675984894243,0.8438761498923091,1.4042439919920555
saelens_sae,random_comp,512,12,12,0.0059,0.00265163312266136,0.0029664424359069847,0.0020433622163932587,0.8938764799764697,1.2515407069108089
saelens_sae,mc,512,12,12,0.0059,0.0029664424359069847,0.0029664424359069847,0.002292795138888862,1.0,1.0
saelens_sae,embedding_comp,512,12,12,0.0059,0.00306041874450861,0.0029664424359069847,0.0018504674682242336,1.03167980186101,0.9395289007103
saelens_sae,output_active,512,12,12,0.0059,0.003062037112531632,0.0029664424359069847,0.0018981377974794194,1.0322253604073122,0.9385360311528911
saelens_sae,random_stratified,512,12,12,0.0059,0.0034707269844433523,0.0029664424359069847,0.0026817763646558163,1.1699964045930267,0.7305180407795722
saelens_sae,embedding_ase,512,12,12,0.0059,0.004802236348212389,0.0029664424359069847,0.003065749556492889,1.6188537118011237,0.3815792844326863
saelens_sae,ase_output,512,12,12,0.0059,0.006761006558959505,0.0029664424359069847,0.003307544392125307,2.279163241842021,0.19250815686504036
saelens_sae,per_query_rf,1024,12,12,0.0059,0.0013313405939378983,0.0023144039041394543,0.0009537722229403869,0.5752412496179744,3.022038256943571
saelens_sae,output_comp,1024,12,12,0.0059,0.00148764863450387,0.0023144039041394543,0.0010829738675892403,0.6427783118768157,2.420346644731868
saelens_sae,input_concept_comp,1024,12,12,0.0059,0.0016859293488492978,0.0023144039041394543,0.0012187212912179678,0.7284507884876573,1.8845148521868138
saelens_sae,pca_comp,1024,12,12,0.0059,0.0018170182501471793,0.0023144039041394543,0.001276454450963451,0.785091248289605,1.6224066871842175
saelens_sae,output_active,1024,12,12,0.0059,0.0018818780972233628,0.0023144039041394543,0.0013673273542631032,0.8131156769384582,1.512499818612447
saelens_sae,internal,1024,12,12,0.0059,0.0020865541448443644,0.0023144039041394543,0.001419169004682858,0.9015514280426306,1.2303225632518275
saelens_sae,random_comp,1024,12,12,0.0059,0.002167975168117075,0.0023144039041394543,0.0015738351347604777,0.9367315550408108,1.1396452887334008
saelens_sae,mc,1024,12,12,0.0059,0.0023144039041394543,0.0023144039041394543,0.0016758101851851602,1.0,1.0
saelens_sae,embedding_comp,1024,12,12,0.0059,0.0023272885010006106,0.0023144039041394543,0.0015491567338132945,1.0055671340849845,0.9889580253783935
saelens_sae,random_stratified,1024,12,12,0.0059,0.00250600955143309,0.0023144039041394543,0.0018316721970452927,1.0827883356707693,0.8529289641314396
saelens_sae,ase_output,1024,12,12,0.0059,0.00287549277892496,0.0023144039041394543,0.001724162857328503,1.2424334290924604,0.6478190932332928
saelens_sae,embedding_ase,1024,12,12,0.0059,0.0029685408380726373,0.0023144039041394543,0.0021740445485457093,1.282637327375407,0.6078441631900304
saelens_sae,per_query_rf,2048,12,12,0.0059,0.0012090185843054832,0.0014737677820549535,0.0008387121041687579,0.820358945979728,1.485908828839429
saelens_sae,input_concept_comp,2048,12,12,0.0059,0.0012478857023185128,0.0014737677820549535,0.0009024580354819424,0.8467315662027289,1.3947889523080954
saelens_sae,output_comp,2048,12,12,0.0059,0.0012898369968369675,0.0014737677820549535,0.0009722022107230802,0.8751969018066595,1.3055348122101926
saelens_sae,output_active,2048,12,12,0.0059,0.0013158040023367257,0.0014737677820549535,0.0009405822151487341,0.892816370637462,1.2545145719139141
saelens_sae,internal,2048,12,12,0.0059,0.0014304283496295656,0.0014737677820549535,0.0010477143254265556,0.970592767087799,1.0615144215504144
saelens_sae,mc,2048,12,12,0.0059,0.0014737677820549535,0.0014737677820549535,0.0010862847222221916,1.0,1.0
saelens_sae,pca_comp,2048,12,12,0.0059,0.001497797627749316,0.0014737677820549535,0.0010359082162393095,1.0163050420744415,0.968170486581172
saelens_sae,random_comp,2048,12,12,0.0059,0.001520618936795864,0.0014737677820549535,0.0010994659767450505,1.0317900522126922,0.9393281275832981
saelens_sae,embedding_comp,2048,12,12,0.0059,0.001534993646234554,0.0014737677820549535,0.0010982992254245697,1.0415437662059825,0.9218175074169475
saelens_sae,random_stratified,2048,12,12,0.0059,0.0016268611952395611,0.0014737677820549535,0.0012259141633011344,1.1038789251934529,0.820648378840564
saelens_sae,ase_output,2048,12,12,0.0059,0.0017648137252304075,0.0014737677820549535,0.0012647631803869256,1.1974842622557762,0.6973653600539688
saelens_sae,embedding_ase,2048,12,12,0.0059,0.0018446528552422542,0.0014737677820549535,0.0013210376526163567,1.2516577426262878,0.6383058424676932
sklearn_sdl,input_concept_comp,64,12,12,0.0059,0.0059703385474867005,0.007571300740784485,0.004219342274932783,0.7885485931533734,1.6082111821021736
sklearn_sdl,output_comp,64,12,12,0.0059,0.0061278818359618535,0.007571300740784485,0.0041497613088237245,0.8093565485984018,1.526582325925848
sklearn_sdl,pca_comp,64,12,12,0.0059,0.0064307521955299365,0.007571300740784485,0.004217195947303552,0.8493589695743121,1.3861730309252924
sklearn_sdl,internal,64,12,12,0.0059,0.0064857650352681435,0.007571300740784485,0.004751740447647369,0.8566249390056766,1.3627574727911769
sklearn_sdl,random_comp,64,12,12,0.0059,0.007154643212389282,0.007571300740784485,0.005316607896653278,0.9449688312933093,1.1198633507242644
sklearn_sdl,mc,64,12,12,0.0059,0.007571300740784485,0.007571300740784485,0.0061671296296296205,1.0,1.0
sklearn_sdl,output_active,64,12,12,0.0059,0.008054892202172342,0.007571300740784485,0.005605863380873036,1.0638716487357165,0.8835304651172909
sklearn_sdl,per_query_rf,64,12,12,0.0059,0.011187255712204051,0.007571300740784485,0.004518262035850193,1.4775870217308136,0.4580299366953145
sklearn_sdl,embedding_ase,64,12,12,0.0059,0.011565774042019247,0.007571300740784485,0.007838989679368255,1.5275808527480157,0.4285402195148608
sklearn_sdl,random_stratified,64,12,12,0.0059,0.011699186699329131,0.007571300740784485,0.007977848742291,1.545201689890467,0.4188221589129402
sklearn_sdl,embedding_comp,64,12,12,0.0059,0.01226198495338926,0.007571300740784485,0.003916681653492466,1.619534789753809,0.38125841378081715
sklearn_sdl,ase_output,64,12,12,0.0059,0.016196650666448792,0.007571300740784485,0.009397020654698931,2.1392163937171262,0.21851968398132485
sklearn_sdl,per_query_rf,128,12,12,0.0059,0.003978407953656853,0.007975749014228196,0.002838607040757671,0.49881308282891584,4.019058510476357
sklearn_sdl,internal,128,12,12,0.0059,0.004063595416145158,0.007975749014228196,0.0032021327040203506,0.5094938931623825,3.852317151031893
sklearn_sdl,input_concept_comp,128,12,12,0.0059,0.004609445251981058,0.007975749014228196,0.0031202540333524977,0.5779325858622331,2.993957530827951
sklearn_sdl,output_active,128,12,12,0.0059,0.005044340664486817,0.007975749014228196,0.003473394210122141,0.6324598047767118,2.499966221342677
sklearn_sdl,random_comp,128,12,12,0.0059,0.005289743246622023,0.007975749014228196,0.0036811922946787187,0.6632283986350974,2.273389093720315
sklearn_sdl,pca_comp,128,12,12,0.0059,0.00543073905871381,0.007975749014228196,0.0033148679426724553,0.6809064639604054,2.156875542858303
sklearn_sdl,embedding_comp,128,12,12,0.0059,0.00680442451328847,0.007975749014228196,0.003200531642330295,0.8531392476305156,1.3739159229203224
sklearn_sdl,ase_output,128,12,12,0.0059,0.007723315800398024,0.007975749014228196,0.005887910917938367,0.9683499050208515,1.0664374098630396
sklearn_sdl,random_stratified,128,12,12,0.0059,0.0077446341113478895,0.007975749014228196,0.005636793271892531,0.9710227964209991,1.0605744204275414
sklearn_sdl,mc,128,12,12,0.0059,0.007975749014228196,0.007975749014228196,0.005380092592592578,1.0,1.0
sklearn_sdl,output_comp,128,12,12,0.0059,0.008306983284375853,0.007975749014228196,0.004089463571420445,1.0415301772356123,0.9218415617032018
sklearn_sdl,embedding_ase,128,12,12,0.0059,0.009973759208680944,0.007975749014228196,0.00727740475680708,1.2505106656300786,0.6394773986660478
sklearn_sdl,per_query_rf,256,12,12,0.0059,0.0023738626821954625,0.004697319575876935,0.0016874284123614997,0.5053653778181123,3.91551623592983
sklearn_sdl,pca_comp,256,12,12,0.0059,0.002504713816822396,0.004697319575876935,0.0018995746258585594,0.533221931436248,3.5170941376451537
sklearn_sdl,input_concept_comp,256,12,12,0.0059,0.0027895881168105837,0.004697319575876935,0.0021313011138876007,0.5938680713010249,2.8354372921290185
sklearn_sdl,output_comp,256,12,12,0.0059,0.003536959256316989,0.004697319575876935,0.002390859964934163,0.7529739459246139,1.7637624875851334
sklearn_sdl,internal,256,12,12,0.0059,0.003900514805984825,0.004697319575876935,0.0028168603976343,0.8303703299251562,1.4502950146769267
sklearn_sdl,output_active,256,12,12,0.0059,0.004120723685387037,0.004697319575876935,0.0027392345358867053,0.8772500186167865,1.299431013318583
sklearn_sdl,random_comp,256,12,12,0.0059,0.004477009222650371,0.004697319575876935,0.0030366002895000506,0.9530987088130075,1.1008400911274694
sklearn_sdl,random_stratified,256,12,12,0.0059,0.004581685404882786,0.004697319575876935,0.003314223764303239,0.9753829457148312,1.0511136703526214
sklearn_sdl,mc,256,12,12,0.0059,0.004697319575876935,0.004697319575876935,0.0035976851851851643,1.0,1.0
sklearn_sdl,embedding_ase,256,12,12,0.0059,0.004785047258329956,0.004697319575876935,0.0037576772644262965,1.0186761153964372,0.9636686993083533
sklearn_sdl,ase_output,256,12,12,0.0059,0.004966130462381678,0.004697319575876935,0.0037909312141887145,1.057226442051169,0.8946722493056379
sklearn_sdl,embedding_comp,256,12,12,0.0059,0.005672140453655923,0.004697319575876935,0.002676898907164003,1.2075270507003988,0.6858138683146314
sklearn_sdl,per_query_rf,512,12,12,0.0059,0.001544822860215448,0.0029664424359069847,0.0012037224123288203,0.5207661680928999,3.687350960044413
sklearn_sdl,pca_comp,512,12,12,0.0059,0.001829960325122997,0.0029664424359069847,0.0013350107773370719,0.6168871854624375,2.6277769718529727
sklearn_sdl,internal,512,12,12,0.0059,0.0022134721067601153,0.0029664424359069847,0.0017467230527793195,0.7461705914018014,1.7960720037267421
sklearn_sdl,output_comp,512,12,12,0.0059,0.002478150438733721,0.0029664424359069847,0.0016553891171789863,0.835394750539304,1.432902090137456
sklearn_sdl,input_concept_comp,512,12,12,0.0059,0.002503310021690349,0.0029664424359069847,0.0018310675984894243,0.8438761498923091,1.4042439919920555
sklearn_sdl,random_comp,512,12,12,0.0059,0.00265163312266136,0.0029664424359069847,0.0020433622163932587,0.8938764799764697,1.2515407069108089
sklearn_sdl,mc,512,12,12,0.0059,0.0029664424359069847,0.0029664424359069847,0.002292795138888862,1.0,1.0
sklearn_sdl,embedding_comp,512,12,12,0.0059,0.00306041874450861,0.0029664424359069847,0.0018504674682242336,1.03167980186101,0.9395289007103
sklearn_sdl,output_active,512,12,12,0.0059,0.003062037112531632,0.0029664424359069847,0.0018981377974794194,1.0322253604073122,0.9385360311528911
sklearn_sdl,random_stratified,512,12,12,0.0059,0.0034707269844433523,0.0029664424359069847,0.0026817763646558163,1.1699964045930267,0.7305180407795722
sklearn_sdl,embedding_ase,512,12,12,0.0059,0.004802236348212389,0.0029664424359069847,0.003065749556492889,1.6188537118011237,0.3815792844326863
sklearn_sdl,ase_output,512,12,12,0.0059,0.006761006558959505,0.0029664424359069847,0.003307544392125307,2.279163241842021,0.19250815686504036
sklearn_sdl,per_query_rf,1024,12,12,0.0059,0.0013313405939378983,0.0023144039041394543,0.0009537722229403869,0.5752412496179744,3.022038256943571
sklearn_sdl,output_comp,1024,12,12,0.0059,0.00148764863450387,0.0023144039041394543,0.0010829738675892403,0.6427783118768157,2.420346644731868
sklearn_sdl,input_concept_comp,1024,12,12,0.0059,0.0016859293488492978,0.0023144039041394543,0.0012187212912179678,0.7284507884876573,1.8845148521868138
sklearn_sdl,internal,1024,12,12,0.0059,0.0017169519223382199,0.0023144039041394543,0.0012995101838256288,0.7418549196479255,1.8170297492810619
sklearn_sdl,pca_comp,1024,12,12,0.0059,0.0018170182501471793,0.0023144039041394543,0.001276454450963451,0.785091248289605,1.6224066871842175
sklearn_sdl,output_active,1024,12,12,0.0059,0.0018818780972233628,0.0023144039041394543,0.0013673273542631032,0.8131156769384582,1.512499818612447
sklearn_sdl,random_comp,1024,12,12,0.0059,0.002167975168117075,0.0023144039041394543,0.0015738351347604777,0.9367315550408108,1.1396452887334008
sklearn_sdl,mc,1024,12,12,0.0059,0.0023144039041394543,0.0023144039041394543,0.0016758101851851602,1.0,1.0
sklearn_sdl,embedding_comp,1024,12,12,0.0059,0.0023272885010006106,0.0023144039041394543,0.0015491567338132945,1.0055671340849845,0.9889580253783935
sklearn_sdl,random_stratified,1024,12,12,0.0059,0.00250600955143309,0.0023144039041394543,0.0018316721970452927,1.0827883356707693,0.8529289641314396
sklearn_sdl,ase_output,1024,12,12,0.0059,0.00287549277892496,0.0023144039041394543,0.001724162857328503,1.2424334290924604,0.6478190932332928
sklearn_sdl,embedding_ase,1024,12,12,0.0059,0.0029685408380726373,0.0023144039041394543,0.0021740445485457093,1.282637327375407,0.6078441631900304
sklearn_sdl,internal,2048,12,12,0.0059,0.0011988749473359098,0.0014737677820549535,0.0007887638561410874,0.8134761540683526,1.5111596421651166
sklearn_sdl,per_query_rf,2048,12,12,0.0059,0.0012090185843054832,0.0014737677820549535,0.0008387121041687579,0.820358945979728,1.485908828839429
sklearn_sdl,input_concept_comp,2048,12,12,0.0059,0.0012478857023185128,0.0014737677820549535,0.0009024580354819424,0.8467315662027289,1.3947889523080954
sklearn_sdl,output_comp,2048,12,12,0.0059,0.0012898369968369675,0.0014737677820549535,0.0009722022107230802,0.8751969018066595,1.3055348122101926
sklearn_sdl,output_active,2048,12,12,0.0059,0.0013158040023367257,0.0014737677820549535,0.0009405822151487341,0.892816370637462,1.2545145719139141
sklearn_sdl,mc,2048,12,12,0.0059,0.0014737677820549535,0.0014737677820549535,0.0010862847222221916,1.0,1.0
sklearn_sdl,pca_comp,2048,12,12,0.0059,0.001497797627749316,0.0014737677820549535,0.0010359082162393095,1.0163050420744415,0.968170486581172
sklearn_sdl,random_comp,2048,12,12,0.0059,0.001520618936795864,0.0014737677820549535,0.0010994659767450505,1.0317900522126922,0.9393281275832981
sklearn_sdl,embedding_comp,2048,12,12,0.0059,0.001534993646234554,0.0014737677820549535,0.0010982992254245697,1.0415437662059825,0.9218175074169475
sklearn_sdl,random_stratified,2048,12,12,0.0059,0.0016268611952395611,0.0014737677820549535,0.0012259141633011344,1.1038789251934529,0.820648378840564
sklearn_sdl,ase_output,2048,12,12,0.0059,0.0017648137252304075,0.0014737677820549535,0.0012647631803869256,1.1974842622557762,0.6973653600539688
sklearn_sdl,embedding_ase,2048,12,12,0.0059,0.0018446528552422542,0.0014737677820549535,0.0013210376526163567,1.2516577426262878,0.6383058424676932
spd,input_concept_comp,64,12,12,0.0059,0.0059703385474867005,0.007571300740784485,0.004219342274932783,0.7885485931533734,1.6082111821021736
spd,output_comp,64,12,12,0.0059,0.0061278818359618535,0.007571300740784485,0.0041497613088237245,0.8093565485984018,1.526582325925848
spd,pca_comp,64,12,12,0.0059,0.0064307521955299365,0.007571300740784485,0.004217195947303552,0.8493589695743121,1.3861730309252924
spd,random_comp,64,12,12,0.0059,0.007154643212389282,0.007571300740784485,0.005316607896653278,0.9449688312933093,1.1198633507242644
spd,mc,64,12,12,0.0059,0.007571300740784485,0.007571300740784485,0.0061671296296296205,1.0,1.0
spd,output_active,64,12,12,0.0059,0.008054892202172342,0.007571300740784485,0.005605863380873036,1.0638716487357165,0.8835304651172909
spd,internal,64,12,12,0.0059,0.009533959428216129,0.007571300740784485,0.006321085082994925,1.2592234484702673,0.6306587061789243
spd,per_query_rf,64,12,12,0.0059,0.011187255712204051,0.007571300740784485,0.004518262035850193,1.4775870217308136,0.4580299366953145
spd,embedding_ase,64,12,12,0.0059,0.011565774042019247,0.007571300740784485,0.007838989679368255,1.5275808527480157,0.4285402195148608
spd,random_stratified,64,12,12,0.0059,0.011699186699329131,0.007571300740784485,0.007977848742291,1.545201689890467,0.4188221589129402
spd,embedding_comp,64,12,12,0.0059,0.01226198495338926,0.007571300740784485,0.003916681653492466,1.619534789753809,0.38125841378081715
spd,ase_output,64,12,12,0.0059,0.016196650666448792,0.007571300740784485,0.009397020654698931,2.1392163937171262,0.21851968398132485
spd,per_query_rf,128,12,12,0.0059,0.003978407953656853,0.007975749014228196,0.002838607040757671,0.49881308282891584,4.019058510476357
spd,internal,128,12,12,0.0059,0.004540524612779412,0.007975749014228196,0.0035113614377630695,0.5692913110329104,3.085537929034815
spd,input_concept_comp,128,12,12,0.0059,0.004609445251981058,0.007975749014228196,0.0031202540333524977,0.5779325858622331,2.993957530827951
spd,output_active,128,12,12,0.0059,0.005044340664486817,0.007975749014228196,0.003473394210122141,0.6324598047767118,2.499966221342677
spd,random_comp,128,12,12,0.0059,0.005289743246622023,0.007975749014228196,0.0036811922946787187,0.6632283986350974,2.273389093720315
spd,pca_comp,128,12,12,0.0059,0.00543073905871381,0.007975749014228196,0.0033148679426724553,0.6809064639604054,2.156875542858303
spd,embedding_comp,128,12,12,0.0059,0.00680442451328847,0.007975749014228196,0.003200531642330295,0.8531392476305156,1.3739159229203224
spd,ase_output,128,12,12,0.0059,0.007723315800398024,0.007975749014228196,0.005887910917938367,0.9683499050208515,1.0664374098630396
spd,random_stratified,128,12,12,0.0059,0.0077446341113478895,0.007975749014228196,0.005636793271892531,0.9710227964209991,1.0605744204275414
spd,mc,128,12,12,0.0059,0.007975749014228196,0.007975749014228196,0.005380092592592578,1.0,1.0
spd,output_comp,128,12,12,0.0059,0.008306983284375853,0.007975749014228196,0.004089463571420445,1.0415301772356123,0.9218415617032018
spd,embedding_ase,128,12,12,0.0059,0.009973759208680944,0.007975749014228196,0.00727740475680708,1.2505106656300786,0.6394773986660478
spd,per_query_rf,256,12,12,0.0059,0.0023738626821954625,0.004697319575876935,0.0016874284123614997,0.5053653778181123,3.91551623592983
spd,pca_comp,256,12,12,0.0059,0.002504713816822396,0.004697319575876935,0.0018995746258585594,0.533221931436248,3.5170941376451537
spd,input_concept_comp,256,12,12,0.0059,0.0027895881168105837,0.004697319575876935,0.0021313011138876007,0.5938680713010249,2.8354372921290185
spd,internal,256,12,12,0.0059,0.002797135161953614,0.004697319575876935,0.0019857607722957764,0.5954747418758327,2.820157155067746
spd,output_comp,256,12,12,0.0059,0.003536959256316989,0.004697319575876935,0.002390859964934163,0.7529739459246139,1.7637624875851334
spd,output_active,256,12,12,0.0059,0.004120723685387037,0.004697319575876935,0.0027392345358867053,0.8772500186167865,1.299431013318583
spd,random_comp,256,12,12,0.0059,0.004477009222650371,0.004697319575876935,0.0030366002895000506,0.9530987088130075,1.1008400911274694
spd,random_stratified,256,12,12,0.0059,0.004581685404882786,0.004697319575876935,0.003314223764303239,0.9753829457148312,1.0511136703526214
spd,mc,256,12,12,0.0059,0.004697319575876935,0.004697319575876935,0.0035976851851851643,1.0,1.0
spd,embedding_ase,256,12,12,0.0059,0.004785047258329956,0.004697319575876935,0.0037576772644262965,1.0186761153964372,0.9636686993083533
spd,ase_output,256,12,12,0.0059,0.004966130462381678,0.004697319575876935,0.0037909312141887145,1.057226442051169,0.8946722493056379
spd,embedding_comp,256,12,12,0.0059,0.005672140453655923,0.004697319575876935,0.002676898907164003,1.2075270507003988,0.6858138683146314
spd,per_query_rf,512,12,12,0.0059,0.001544822860215448,0.0029664424359069847,0.0012037224123288203,0.5207661680928999,3.687350960044413
spd,pca_comp,512,12,12,0.0059,0.001829960325122997,0.0029664424359069847,0.0013350107773370719,0.6168871854624375,2.6277769718529727
spd,output_comp,512,12,12,0.0059,0.002478150438733721,0.0029664424359069847,0.0016553891171789863,0.835394750539304,1.432902090137456
spd,input_concept_comp,512,12,12,0.0059,0.002503310021690349,0.0029664424359069847,0.0018310675984894243,0.8438761498923091,1.4042439919920555
spd,random_comp,512,12,12,0.0059,0.00265163312266136,0.0029664424359069847,0.0020433622163932587,0.8938764799764697,1.2515407069108089
spd,internal,512,12,12,0.0059,0.002702684474538727,0.0029664424359069847,0.0019414298398182648,0.9110861015957606,1.204706231364183
spd,mc,512,12,12,0.0059,0.0029664424359069847,0.0029664424359069847,0.002292795138888862,1.0,1.0
spd,embedding_comp,512,12,12,0.0059,0.00306041874450861,0.0029664424359069847,0.0018504674682242336,1.03167980186101,0.9395289007103
spd,output_active,512,12,12,0.0059,0.003062037112531632,0.0029664424359069847,0.0018981377974794194,1.0322253604073122,0.9385360311528911
spd,random_stratified,512,12,12,0.0059,0.0034707269844433523,0.0029664424359069847,0.0026817763646558163,1.1699964045930267,0.7305180407795722
spd,embedding_ase,512,12,12,0.0059,0.004802236348212389,0.0029664424359069847,0.003065749556492889,1.6188537118011237,0.3815792844326863
spd,ase_output,512,12,12,0.0059,0.006761006558959505,0.0029664424359069847,0.003307544392125307,2.279163241842021,0.19250815686504036
spd,per_query_rf,1024,12,12,0.0059,0.0013313405939378983,0.0023144039041394543,0.0009537722229403869,0.5752412496179744,3.022038256943571
spd,output_comp,1024,12,12,0.0059,0.00148764863450387,0.0023144039041394543,0.0010829738675892403,0.6427783118768157,2.420346644731868
spd,input_concept_comp,1024,12,12,0.0059,0.0016859293488492978,0.0023144039041394543,0.0012187212912179678,0.7284507884876573,1.8845148521868138
spd,pca_comp,1024,12,12,0.0059,0.0018170182501471793,0.0023144039041394543,0.001276454450963451,0.785091248289605,1.6224066871842175
spd,output_active,1024,12,12,0.0059,0.0018818780972233628,0.0023144039041394543,0.0013673273542631032,0.8131156769384582,1.512499818612447
spd,internal,1024,12,12,0.0059,0.0019470004582830323,0.0023144039041394543,0.0013614298968921466,0.8412535317628448,1.4130131351638209
spd,random_comp,1024,12,12,0.0059,0.002167975168117075,0.0023144039041394543,0.0015738351347604777,0.9367315550408108,1.1396452887334008
spd,mc,1024,12,12,0.0059,0.0023144039041394543,0.0023144039041394543,0.0016758101851851602,1.0,1.0
spd,embedding_comp,1024,12,12,0.0059,0.0023272885010006106,0.0023144039041394543,0.0015491567338132945,1.0055671340849845,0.9889580253783935
spd,random_stratified,1024,12,12,0.0059,0.00250600955143309,0.0023144039041394543,0.0018316721970452927,1.0827883356707693,0.8529289641314396
spd,ase_output,1024,12,12,0.0059,0.00287549277892496,0.0023144039041394543,0.001724162857328503,1.2424334290924604,0.6478190932332928
spd,embedding_ase,1024,12,12,0.0059,0.0029685408380726373,0.0023144039041394543,0.0021740445485457093,1.282637327375407,0.6078441631900304
spd,per_query_rf,2048,12,12,0.0059,0.0012090185843054832,0.0014737677820549535,0.0008387121041687579,0.820358945979728,1.485908828839429
spd,input_concept_comp,2048,12,12,0.0059,0.0012478857023185128,0.0014737677820549535,0.0009024580354819424,0.8467315662027289,1.3947889523080954
spd,internal,2048,12,12,0.0059,0.0012720271656567566,0.0014737677820549535,0.0008657587493520962,0.8631123445262867,1.342348691630178
spd,output_comp,2048,12,12,0.0059,0.0012898369968369675,0.0014737677820549535,0.0009722022107230802,0.8751969018066595,1.3055348122101926
spd,output_active,2048,12,12,0.0059,0.0013158040023367257,0.0014737677820549535,0.0009405822151487341,0.892816370637462,1.2545145719139141
spd,mc,2048,12,12,0.0059,0.0014737677820549535,0.0014737677820549535,0.0010862847222221916,1.0,1.0
spd,pca_comp,2048,12,12,0.0059,0.001497797627749316,0.0014737677820549535,0.0010359082162393095,1.0163050420744415,0.968170486581172
spd,random_comp,2048,12,12,0.0059,0.001520618936795864,0.0014737677820549535,0.0010994659767450505,1.0317900522126922,0.9393281275832981
spd,embedding_comp,2048,12,12,0.0059,0.001534993646234554,0.0014737677820549535,0.0010982992254245697,1.0415437662059825,0.9218175074169475
spd,random_stratified,2048,12,12,0.0059,0.0016268611952395611,0.0014737677820549535,0.0012259141633011344,1.1038789251934529,0.820648378840564
spd,ase_output,2048,12,12,0.0059,0.0017648137252304075,0.0014737677820549535,0.0012647631803869256,1.1974842622557762,0.6973653600539688
spd,embedding_ase,2048,12,12,0.0059,0.0018446528552422542,0.0014737677820549535,0.0013210376526163567,1.2516577426262878,0.6383058424676932
