basis_kind,method,budget,cells,model_queries,mean_reference_rate,rmse,mae,mc_rmse,rmse_ratio_vs_mc,effective_mc_multiplier
saelens_sae,pca_comp,64,36,12,0.0059,0.004472864188125956,0.0035787317137392313,0.008216873729642492,0.5443510920692419,3.3747515302070537
saelens_sae,per_query_rf,64,36,12,0.0059,0.005648305592537167,0.0041499492657349375,0.008216873729642492,0.687403236118966,2.116298164611902
saelens_sae,output_comp,64,36,12,0.0059,0.006118791183151619,0.004255152634303626,0.008216873729642492,0.7446617027931184,1.8033580458351592
saelens_sae,input_concept_comp,64,36,12,0.0059,0.006292587661463906,0.0046225387070212565,0.008216873729642492,0.7658128709904966,1.7051189363019965
saelens_sae,random_comp,64,36,12,0.0059,0.006310242591672677,0.005282610162506185,0.008216873729642492,0.7679614898922427,1.6955910479779193
saelens_sae,output_active,64,36,12,0.0059,0.008187479540931325,0.005957933129539362,0.008216873729642492,0.9964227040991117,1.007193166877296
saelens_sae,mc,64,36,12,0.0059,0.008216873729642492,0.006613888888888889,0.008216873729642492,1.0,1.0
saelens_sae,internal,64,36,12,0.0059,0.008529118963354131,0.005419718555714307,0.008216873729642492,1.0380004906957752,0.9281216049620669
saelens_sae,random_stratified,64,36,12,0.0059,0.011288476184771952,0.0074221322634734094,0.008216873729642492,1.3738164362984682,0.5298373672989879
saelens_sae,embedding_ase,64,36,12,0.0059,0.012056652468243678,0.007644375131833329,0.008216873729642492,1.4673040945912468,0.4644722168330947
saelens_sae,ase_output,64,36,12,0.0059,0.013396814699092997,0.009663639826099276,0.008216873729642492,1.6304028928622565,0.3761924935652944
saelens_sae,embedding_comp,64,36,12,0.0059,0.02004475003499798,0.005838146441243236,0.008216873729642492,2.43946185550914,0.1680397151325033
saelens_sae,input_concept_comp,128,36,12,0.0059,0.00400317426979651,0.002863523876479481,0.008998286632820101,0.4448818350812968,5.0525503845187965
saelens_sae,internal,128,36,12,0.0059,0.004339619665662,0.0030805306674307007,0.008998286632820101,0.48227177492143797,4.299483722254307
saelens_sae,random_comp,128,36,12,0.0059,0.004482007213730222,0.003229269682055659,0.008998286632820101,0.4980956260475937,4.0306449502231745
saelens_sae,per_query_rf,128,36,12,0.0059,0.004673737274552227,0.003269124902117055,0.008998286632820101,0.5194030225160162,3.7067308700101136
saelens_sae,pca_comp,128,36,12,0.0059,0.004715965295538456,0.003191406173066737,0.008998286632820101,0.5240959182537678,3.640645942443153
saelens_sae,output_comp,128,36,12,0.0059,0.005786115499673758,0.0035894327841728027,0.008998286632820101,0.6430241373473968,2.4184964214241655
saelens_sae,output_active,128,36,12,0.0059,0.00618014066900532,0.004060385769230331,0.008998286632820101,0.6868130479933864,2.119936856970097
saelens_sae,embedding_comp,128,36,12,0.0059,0.006887911453754237,0.003394038634515364,0.008998286632820101,0.7654692203992991,1.7066502758955873
saelens_sae,random_stratified,128,36,12,0.0059,0.007799213888398054,0.006243712742516453,0.008998286632820101,0.8667443266311853,1.3311223785572228
saelens_sae,mc,128,36,12,0.0059,0.008998286632820101,0.005984375,0.008998286632820101,1.0,1.0
saelens_sae,embedding_ase,128,36,12,0.0059,0.009468367480359764,0.00701152290223877,0.008998286632820101,1.0522411506458467,0.9031698595902942
saelens_sae,ase_output,128,36,12,0.0059,0.009762455687993485,0.006969335760431555,0.008998286632820101,1.084923840099311,0.8495745517606744
saelens_sae,pca_comp,256,36,12,0.0059,0.001989123114943908,0.0016330462724892694,0.005323141405073021,0.3736746713225105,7.161643156563247
saelens_sae,output_comp,256,36,12,0.0059,0.00268051302890067,0.0020333986178367024,0.005323141405073021,0.5035584864129491,3.9436663161526897
saelens_sae,per_query_rf,256,36,12,0.0059,0.0027196144578502776,0.0018407804008641416,0.005323141405073021,0.5109040415981531,3.831080904489152
saelens_sae,input_concept_comp,256,36,12,0.0059,0.0031189207909076136,0.0022343317323413724,0.005323141405073021,0.5859173284285183,2.912911668319112
saelens_sae,internal,256,36,12,0.0059,0.003291849272313553,0.0024116415346285766,0.005323141405073021,0.6184034993277426,2.6149062501986364
saelens_sae,output_active,256,36,12,0.0059,0.0034204396098550774,0.0023096166486092414,0.005323141405073021,0.6425603510354535,2.4219889193071222
saelens_sae,random_comp,256,36,12,0.0059,0.004555520967199563,0.0029577668533501025,0.005323141405073021,0.8557955952209149,1.3654000245339657
saelens_sae,embedding_ase,256,36,12,0.0059,0.004674133496019294,0.0036472956969279277,0.005323141405073021,0.8780780257997253,1.2969815022528437
saelens_sae,ase_output,256,36,12,0.0059,0.004748883718198629,0.0036242769792768767,0.005323141405073021,0.8921205274901927,1.2564723473141748
saelens_sae,mc,256,36,12,0.0059,0.005323141405073021,0.004146701388888889,0.005323141405073021,1.0,1.0
saelens_sae,random_stratified,256,36,12,0.0059,0.005675449889529625,0.004136989211026676,0.005323141405073021,1.0661843181773922,0.8797016753144219
saelens_sae,embedding_comp,256,36,12,0.0059,0.007059944607410719,0.002654468387015982,0.005323141405073021,1.3262741058658525,0.568503861442174
saelens_sae,per_query_rf,512,36,12,0.0059,0.0014476674735481195,0.0011579699951834784,0.0031591169339733787,0.4582506769470277,4.762048010603688
saelens_sae,pca_comp,512,36,12,0.0059,0.001552280147700421,0.0011976683391867714,0.0031591169339733787,0.4913652074752551,4.14181976705841
saelens_sae,output_comp,512,36,12,0.0059,0.0015860088810611386,0.0012272463672617115,0.0031591169339733787,0.5020418408717578,3.9675295794443586
saelens_sae,output_active,512,36,12,0.0059,0.0021946361899245824,0.0015253124856886386,0.0031591169339733787,0.6946992579867182,2.0720790988305815
saelens_sae,internal,512,36,12,0.0059,0.002320401020950853,0.0018251144664398072,0.0031591169339733787,0.7345093801362931,1.8535542744909155
saelens_sae,input_concept_comp,512,36,12,0.0059,0.0023573646306749457,0.001692425039165027,0.0031591169339733787,0.7462099947373492,1.7958823269338662
saelens_sae,random_stratified,512,36,12,0.0059,0.0026230697709395327,0.0021154680518077904,0.0031591169339733787,0.8303174038070086,1.4504799100706995
saelens_sae,random_comp,512,36,12,0.0059,0.0028164811813698003,0.0021147730926889723,0.0031591169339733787,0.8915406552638656,1.2581073380628915
saelens_sae,mc,512,36,12,0.0059,0.0031591169339733787,0.0023434895833333333,0.0031591169339733787,1.0,1.0
saelens_sae,embedding_comp,512,36,12,0.0059,0.0033557504214866657,0.0019849490317396215,0.0031591169339733787,1.0622431811240274,0.8862415272277437
saelens_sae,embedding_ase,512,36,12,0.0059,0.003843761415035016,0.0028478361701183303,0.0031591169339733787,1.2167202086440423,0.6754894294915633
saelens_sae,ase_output,512,36,12,0.0059,0.008580777011401287,0.003845747918135136,0.0031591169339733787,2.7161948072016493,0.1355433361518658
saelens_sae,output_comp,1024,36,12,0.0059,0.0012687355647581348,0.0009294933219520818,0.0027222979199876835,0.46605316612954506,4.6039338458547086
saelens_sae,per_query_rf,1024,36,12,0.0059,0.0014035579640862886,0.0009697407664863394,0.0027222979199876835,0.5155783846364026,3.761929019962714
saelens_sae,pca_comp,1024,36,12,0.0059,0.001580484719153294,0.0012352163860458608,0.0027222979199876835,0.5805700792514453,2.966816599088837
saelens_sae,input_concept_comp,1024,36,12,0.0059,0.0017214682104702086,0.0012440912155448907,0.0027222979199876835,0.6323584931064404,2.5007673366759113
saelens_sae,output_active,1024,36,12,0.0059,0.0019362539545380768,0.0014196741536878586,0.0027222979199876835,0.7112571847194583,1.976726876388064
saelens_sae,ase_output,1024,36,12,0.0059,0.002059558878843949,0.0016560509951214616,0.0027222979199876835,0.7565516116815264,1.7471205758354376
saelens_sae,internal,1024,36,12,0.0059,0.0020865541448443644,0.001419169004682905,0.0027222979199876835,0.766467964260798,1.7022054822705912
saelens_sae,random_comp,1024,36,12,0.0059,0.00234127668535372,0.0016700394402344057,0.0027222979199876835,0.8600369078503769,1.3519661618643608
saelens_sae,random_stratified,1024,36,12,0.0059,0.002556443607688679,0.0018514716678849988,0.0027222979199876835,0.9390756202393327,1.1339629587840017
saelens_sae,embedding_comp,1024,36,12,0.0059,0.0026064898154800832,0.001689496359466149,0.0027222979199876835,0.9574594302639278,1.0908354369848074
saelens_sae,mc,1024,36,12,0.0059,0.0027222979199876835,0.001796050347222222,0.0027222979199876835,1.0,1.0
saelens_sae,embedding_ase,1024,36,12,0.0059,0.003031395844255427,0.0020258325172036098,0.0027222979199876835,1.113543018932014,0.8064658853903203
saelens_sae,input_concept_comp,2048,36,12,0.0059,0.0010754255732906065,0.0007768457366462867,0.0014737677820549533,0.7297116861864649,1.8780078233497355
saelens_sae,per_query_rf,2048,36,12,0.0059,0.0011999803129521818,0.0008275358059541757,0.0014737677820549533,0.8142261810602108,1.5083769055627796
saelens_sae,output_comp,2048,36,12,0.0059,0.0012902080865049266,0.000985586620093873,0.0014737677820549533,0.8754486983735799,1.304783924328872
saelens_sae,embedding_comp,2048,36,12,0.0059,0.0012931211032566883,0.0009836026465011808,0.0014737677820549533,0.8774252762220248,1.2989119664441926
saelens_sae,random_comp,2048,36,12,0.0059,0.0012986093306519555,0.0009528619893764516,0.0014737677820549533,0.8811492193439288,1.2879561535747615
saelens_sae,output_active,2048,36,12,0.0059,0.001380626038199576,0.0009761457471284721,0.0014737677820549533,0.9368002578225011,1.1394781369211153
saelens_sae,random_stratified,2048,36,12,0.0059,0.001418030270363593,0.0011145370634882516,0.0014737677820549533,0.9621802617956253,1.0801575683263653
saelens_sae,internal,2048,36,12,0.0059,0.0014304283496295656,0.0010477143254265936,0.0014737677820549533,0.9705927670877992,1.061514421550414
saelens_sae,mc,2048,36,12,0.0059,0.0014737677820549533,0.001086284722222222,0.0014737677820549533,1.0,1.0
saelens_sae,pca_comp,2048,36,12,0.0059,0.001513097384615083,0.0009716755584824217,0.0014737677820549533,1.0266864312268316,0.9486900708906211
saelens_sae,embedding_ase,2048,36,12,0.0059,0.0017492299786280904,0.0012669316953172899,0.0014737677820549533,1.1869101767098242,0.7098462508655505
saelens_sae,ase_output,2048,36,12,0.0059,0.0018116765178633253,0.0012923443697568397,0.0014737677820549533,1.229282211161658,0.6617543517571716
sklearn_sdl,output_comp,64,36,12,0.0059,0.004406334333815441,0.0033766978116316487,0.00711265987908571,0.6195058401108094,2.605608667966692
sklearn_sdl,random_comp,64,36,12,0.0059,0.0055001514851810785,0.00437130854014713,0.00711265987908571,0.7732903834406447,1.6723022776209315
sklearn_sdl,embedding_comp,64,36,12,0.0059,0.006094517508264221,0.003252454747469099,0.00711265987908571,0.8568549054601547,1.3620260853694601
sklearn_sdl,internal,64,36,12,0.0059,0.006485765035268813,0.004751740447647392,0.00711265987908571,0.9118621086240553,1.2026566611402547
sklearn_sdl,input_concept_comp,64,36,12,0.0059,0.006656842721709477,0.004352422341312126,0.00711265987908571,0.9359146697402849,1.1416355679638683
sklearn_sdl,mc,64,36,12,0.0059,0.00711265987908571,0.005838888888888889,0.00711265987908571,1.0,1.0
sklearn_sdl,pca_comp,64,36,12,0.0059,0.008661702956956176,0.005226028526777995,0.00711265987908571,1.2177867498522348,0.6743067563646259
sklearn_sdl,random_stratified,64,36,12,0.0059,0.009016317895262835,0.007262084778767721,0.00711265987908571,1.2676436169504888,0.6223083841553946
sklearn_sdl,output_active,64,36,12,0.0059,0.009846429949803982,0.006248910779532352,0.00711265987908571,1.3843527059063707,0.521802904455162
sklearn_sdl,embedding_ase,64,36,12,0.0059,0.011188209251608882,0.007637508927152177,0.00711265987908571,1.5729993338367052,0.4041503159029112
sklearn_sdl,ase_output,64,36,12,0.0059,0.015125291248825501,0.008919997025140932,0.00711265987908571,2.1265309330058626,0.2211345444937922
sklearn_sdl,per_query_rf,64,36,12,0.0059,0.017966090915844956,0.0059332034710246895,0.00711265987908571,2.525931398557805,0.15673171909643693
sklearn_sdl,per_query_rf,128,36,12,0.0059,0.0028748541864137777,0.0022137664100172036,0.007253522252633161,0.39633905932668134,6.365994387938574
sklearn_sdl,embedding_comp,128,36,12,0.0059,0.00406314519051919,0.0027552888007469464,0.007253522252633161,0.560161677182998,3.1869350492735036
sklearn_sdl,internal,128,36,12,0.0059,0.004063595416145484,0.0032021327040203805,0.007253522252633161,0.5602237471140762,3.186228896128259
sklearn_sdl,output_active,128,36,12,0.0059,0.00453430018004855,0.0032060251889578584,0.007253522252633161,0.6251170151718382,2.5590416808516108
sklearn_sdl,random_comp,128,36,12,0.0059,0.004962228498692062,0.0037989271864174853,0.007253522252633161,0.6841129489732637,2.136704074822336
sklearn_sdl,input_concept_comp,128,36,12,0.0059,0.005754636629021912,0.0035049133612062,0.007253522252633161,0.7933575480426595,1.5887738535029188
sklearn_sdl,ase_output,128,36,12,0.0059,0.007223643832271264,0.005831903126944179,0.007253522252633161,0.9958808397739387,1.0082895039087443
sklearn_sdl,mc,128,36,12,0.0059,0.007253522252633161,0.004675694444444444,0.007253522252633161,1.0,1.0
sklearn_sdl,pca_comp,128,36,12,0.0059,0.007475590079906884,0.004120129693659917,0.007253522252633161,1.0306151714352443,0.9414709790211827
sklearn_sdl,random_stratified,128,36,12,0.0059,0.008070755053448106,0.00549305126477978,0.007253522252633161,1.112667028838062,0.807736228090932
sklearn_sdl,embedding_ase,128,36,12,0.0059,0.010773141026830241,0.007873202845867504,0.007253522252633161,1.4852289207383895,0.4533286900512277
sklearn_sdl,output_comp,128,36,12,0.0059,0.011843316695009133,0.004987771414914259,0.007253522252633161,1.632767679276064,0.3751035809403445
sklearn_sdl,per_query_rf,256,36,12,0.0059,0.0022156600368810546,0.001715551849055727,0.003997025803991985,0.5543271786407254,3.254375448612097
sklearn_sdl,input_concept_comp,256,36,12,0.0059,0.002315967957109643,0.0017580305151442667,0.003997025803991985,0.5794228185358713,2.978576860199894
sklearn_sdl,pca_comp,256,36,12,0.0059,0.0025548009161387745,0.0018892541343441395,0.003997025803991985,0.6391754873304033,2.447708959516395
sklearn_sdl,random_stratified,256,36,12,0.0059,0.003393582372377599,0.0025642988938406144,0.003997025803991985,0.8490268861882992,1.3872576021340806
sklearn_sdl,internal,256,36,12,0.0059,0.003900514805984926,0.0028168603976343426,0.003997025803991985,0.9758542969848555,1.050098510380772
sklearn_sdl,mc,256,36,12,0.0059,0.003997025803991985,0.0032718749999999996,0.003997025803991985,1.0,1.0
sklearn_sdl,output_comp,256,36,12,0.0059,0.004125622693137178,0.002771881412512327,0.003997025803991985,1.0321731445958537,0.9386309913061952
sklearn_sdl,output_active,256,36,12,0.0059,0.004198287554065558,0.0028837806095050704,0.003997025803991985,1.050352877350095,0.9064201282097469
sklearn_sdl,ase_output,256,36,12,0.0059,0.004947163060036311,0.0035100972377900513,0.003997025803991985,1.2377110638353614,0.6527719042413366
sklearn_sdl,random_comp,256,36,12,0.0059,0.005141290100788529,0.003221599507900333,0.003997025803991985,1.286278936616752,0.604407276409275
sklearn_sdl,embedding_ase,256,36,12,0.0059,0.0057336684265240235,0.004450663310539406,0.003997025803991985,1.4344837155661057,0.48596921108578467
sklearn_sdl,embedding_comp,256,36,12,0.0059,0.00637674483273445,0.003598467233143022,0.003997025803991985,1.5953724457734915,0.39289438857071707
sklearn_sdl,per_query_rf,512,36,12,0.0059,0.001628293969274297,0.001243673910581904,0.0024398884865548497,0.6673640939932737,2.245299742528739
sklearn_sdl,pca_comp,512,36,12,0.0059,0.0021071954981970076,0.001513400408799701,0.0024398884865548497,0.8636441828423035,1.3406959446641946
sklearn_sdl,embedding_comp,512,36,12,0.0059,0.002156718667539641,0.0014625646233043198,0.0024398884865548497,0.8839414913527266,1.279831987531177
sklearn_sdl,internal,512,36,12,0.0059,0.002213472106760115,0.0017467230527793613,0.0024398884865548497,0.9072021606551218,1.2150435608167958
sklearn_sdl,random_comp,512,36,12,0.0059,0.0024096772099560185,0.0018885261460892444,0.0024398884865548497,0.9876177633669275,1.0252321456924267
sklearn_sdl,mc,512,36,12,0.0059,0.0024398884865548497,0.001885329861111111,0.0024398884865548497,1.0,1.0
sklearn_sdl,input_concept_comp,512,36,12,0.0059,0.0025355860840785903,0.0018562618516652987,0.0024398884865548497,1.0392221193923772,0.9259408323435536
sklearn_sdl,output_comp,512,36,12,0.0059,0.002749550780952154,0.001962286869679838,0.0024398884865548497,1.1269165767631253,0.7874381745677032
sklearn_sdl,output_active,512,36,12,0.0059,0.0029729966913862827,0.0016200792198247849,0.0024398884865548497,1.2184969549916553,0.6735209414164165
sklearn_sdl,embedding_ase,512,36,12,0.0059,0.0034215682741924034,0.0027624688852787246,0.0024398884865548497,1.402346169936519,0.5084983342608186
sklearn_sdl,random_stratified,512,36,12,0.0059,0.004135757274288342,0.003200134443159925,0.0024398884865548497,1.6950599574852205,0.34804056959419294
sklearn_sdl,ase_output,512,36,12,0.0059,0.007121194760058893,0.0034737661632872055,0.0024398884865548497,2.9186558317319253,0.11739084482352045
sklearn_sdl,per_query_rf,1024,36,12,0.0059,0.0013246671116333077,0.000969827020966617,0.002065754367088021,0.6412510280690426,2.431889576184567
sklearn_sdl,pca_comp,1024,36,12,0.0059,0.0013930794256064123,0.0010503903847477853,0.002065754367088021,0.6743683798041095,2.198900625120367
sklearn_sdl,output_comp,1024,36,12,0.0059,0.0016939646676105797,0.0012481986747078302,0.002065754367088021,0.8200223098153085,1.4871290720358679
sklearn_sdl,internal,1024,36,12,0.0059,0.0017169519223382199,0.0012995101838256717,0.002065754367088021,0.8311500871996275,1.4475750543973314
sklearn_sdl,input_concept_comp,1024,36,12,0.0059,0.0017629729122673977,0.0012418133965510696,0.002065754367088021,0.8534281424526589,1.3729859090245282
sklearn_sdl,random_comp,1024,36,12,0.0059,0.0017809170941056433,0.0013514265885336116,0.002065754367088021,0.8621146456130228,1.3454574075762564
sklearn_sdl,output_active,1024,36,12,0.0059,0.0018810646500123738,0.0013517100608681065,0.002065754367088021,0.9105945411428591,1.2060072402148228
sklearn_sdl,embedding_comp,1024,36,12,0.0059,0.0019808348161279247,0.0013472570744305695,0.002065754367088021,0.9588917480640243,1.0875790608534546
sklearn_sdl,mc,1024,36,12,0.0059,0.002065754367088021,0.0016496961805555555,0.002065754367088021,1.0,1.0
sklearn_sdl,random_stratified,1024,36,12,0.0059,0.002406361131275801,0.0017412440514778917,0.002065754367088021,1.1648825095637652,0.7369461444020587
sklearn_sdl,embedding_ase,1024,36,12,0.0059,0.0024755307462094706,0.0018977012764400157,0.002065754367088021,1.1983664590766852,0.6963389844418749
sklearn_sdl,ase_output,1024,36,12,0.0059,0.003940693787495273,0.001924274180615094,0.002065754367088021,1.9076294114533328,0.27479699587741596
sklearn_sdl,internal,2048,36,12,0.0059,0.0011988749473359098,0.0007887638561411294,0.0014737677820549533,0.8134761540683528,1.5111596421651154
sklearn_sdl,per_query_rf,2048,36,12,0.0059,0.0012575301582942219,0.0008728782231920198,0.0014737677820549533,0.8532756473620154,1.3734767054527066
sklearn_sdl,output_active,2048,36,12,0.0059,0.0012842935069028046,0.0009023744073991271,0.0014737677820549533,0.8714354612312433,1.3168294863949814
sklearn_sdl,output_comp,2048,36,12,0.0059,0.001286948866919935,0.0009747530670637225,0.0014737677820549533,0.8732372104955866,1.311401067078655
sklearn_sdl,input_concept_comp,2048,36,12,0.0059,0.0013298528079163363,0.001003394823707575,0.0014737677820549533,0.9023489481240059,1.22814874048768
sklearn_sdl,embedding_comp,2048,36,12,0.0059,0.0013839728238722406,0.001107232408778207,0.0014737677820549533,0.9390711621762373,1.1339737253597866
sklearn_sdl,mc,2048,36,12,0.0059,0.0014737677820549533,0.001086284722222222,0.0014737677820549533,1.0,1.0
sklearn_sdl,pca_comp,2048,36,12,0.0059,0.0015790729319358821,0.0010873591600091951,0.0014737677820549533,1.0714530139436866,0.8710713671310022
sklearn_sdl,ase_output,2048,36,12,0.0059,0.0017144039678683397,0.0012293416114570062,0.0014737677820549533,1.1632795809105383,0.738978477765018
sklearn_sdl,embedding_ase,2048,36,12,0.0059,0.0017308860591326099,0.0013308466427023474,0.0014737677820549533,1.1744632229096112,0.7249718711448716
sklearn_sdl,random_comp,2048,36,12,0.0059,0.0017706331737669578,0.0012512012908255062,0.0014737677820549533,1.2014329498356038,0.6927889036637063
sklearn_sdl,random_stratified,2048,36,12,0.0059,0.001869774827263176,0.0013544439862503577,0.0014737677820549533,1.26870382839829,0.6212687360022527
spd,embedding_comp,64,36,12,0.0059,0.0034833428437850175,0.0026594437717652078,0.0073394032644199195,0.4746084549777534,4.439448870029572
spd,per_query_rf,64,36,12,0.0059,0.004558540583086445,0.003471633370791044,0.0073394032644199195,0.6211050706513721,2.592208022670112
spd,input_concept_comp,64,36,12,0.0059,0.004798396879797067,0.0036830657764650365,0.0073394032644199195,0.6537856971368251,2.339532967440116
spd,pca_comp,64,36,12,0.0059,0.005388145250546339,0.0038468276013935133,0.0073394032644199195,0.7341394192995334,1.8554228985103545
spd,output_active,64,36,12,0.0059,0.005536863839422176,0.0046107462335474685,0.0073394032644199195,0.7544024547968193,1.7570892195388623
spd,mc,64,36,12,0.0059,0.0073394032644199195,0.006048611111111111,0.0073394032644199195,1.0,1.0
spd,output_comp,64,36,12,0.0059,0.0074697670366729915,0.004817433480535992,0.0073394032644199195,1.0177621759639577,0.9654002045462748
spd,random_comp,64,36,12,0.0059,0.009137610768908908,0.006295904987306596,0.0073394032644199195,1.2450073173123446,0.6451433011628867
spd,internal,64,36,12,0.0059,0.009533959428216592,0.006321085082994946,0.0073394032644199195,1.2990101626429873,0.5926180874090964
spd,embedding_ase,64,36,12,0.0059,0.011435142875162157,0.00823508497911928,0.0073394032644199195,1.558048040580851,0.4119441226369158
spd,random_stratified,64,36,12,0.0059,0.0142087728293023,0.009249329184631918,0.0073394032644199195,1.9359575046358093,0.2668138440464384
spd,ase_output,64,36,12,0.0059,0.01946138224765456,0.009607425112856612,0.0073394032644199195,2.651630050361147,0.1422244083268617
spd,pca_comp,128,36,12,0.0059,0.0032177638912757114,0.00263306796129085,0.007566701369689144,0.4252531894763945,5.529741641435191
spd,input_concept_comp,128,36,12,0.0059,0.0038209566376234847,0.0029923248623719236,0.007566701369689144,0.5049699269128759,3.9216512576211575
spd,per_query_rf,128,36,12,0.0059,0.004168282959743311,0.0030329298101388767,0.007566701369689144,0.5508718735010091,3.295329169630595
spd,output_active,128,36,12,0.0059,0.004193101645168233,0.003153771672178339,0.007566701369689144,0.5541518609370591,3.256434955846438
spd,internal,128,36,12,0.0059,0.004540524612779614,0.0035113614377631033,0.007566701369689144,0.6000665799985375,2.7771613989079955
spd,ase_output,128,36,12,0.0059,0.00560912199746987,0.004862493866439426,0.007566701369689144,0.7412902562719089,1.8197989774355283
spd,output_comp,128,36,12,0.0059,0.00576841667590564,0.003691186515174399,0.007566701369689144,0.7623423198664728,1.7206793280286619
spd,random_comp,128,36,12,0.0059,0.006263549353872515,0.004015380015563109,0.007566701369689144,0.8277780564940987,1.4593927382358294
spd,random_stratified,128,36,12,0.0059,0.007346648769761922,0.005173615808381433,0.007566701369689144,0.9709182919774376,1.0608027418123727
spd,mc,128,36,12,0.0059,0.007566701369689144,0.0054802083333333335,0.007566701369689144,1.0,1.0
spd,embedding_comp,128,36,12,0.0059,0.008657257408505937,0.0034522674917286944,0.007566701369689144,1.144125687738301,0.7639281737483246
spd,embedding_ase,128,36,12,0.0059,0.009628970242511721,0.006947488522315044,0.007566701369689144,1.2725452970938775,0.6175235142310136
spd,per_query_rf,256,36,12,0.0059,0.002144812323580013,0.0015059529871647758,0.004677861038719454,0.4585027870274545,4.75681257791353
spd,embedding_comp,256,36,12,0.0059,0.0024523130828858148,0.001777761101333141,0.004677861038719454,0.5242381213523876,3.6386711111723833
spd,internal,256,36,12,0.0059,0.002797135161953614,0.0019857607722958224,0.004677861038719454,0.5979517430725814,2.7968406783601423
spd,input_concept_comp,256,36,12,0.0059,0.002872982963060879,0.002401541094177273,0.004677861038719454,0.6141659487703266,2.6511147845762104
spd,pca_comp,256,36,12,0.0059,0.0028874132757600477,0.0021764234707424015,0.004677861038719454,0.6172507588105836,2.6246822545564594
spd,random_comp,256,36,12,0.0059,0.0035979437955632114,0.0029304345072498333,0.004677861038719454,0.769142940712094,1.6903859846156923
spd,output_comp,256,36,12,0.0059,0.0036502506267803774,0.0023672998644536053,0.004677861038719454,0.780324724605248,1.6422877916989176
spd,embedding_ase,256,36,12,0.0059,0.0037373191233065145,0.003175072785811664,0.004677861038719454,0.7989376110944909,1.566658237951113
spd,random_stratified,256,36,12,0.0059,0.004387298790973425,0.003241383188042526,0.004677861038719454,0.9378856607024032,1.1368422565765295
spd,output_active,256,36,12,0.0059,0.004649308073536078,0.0030243063495459296,0.004677861038719454,0.9938961493411116,1.0123203889324748
spd,mc,256,36,12,0.0059,0.004677861038719454,0.0033744791666666667,0.004677861038719454,1.0,1.0
spd,ase_output,256,36,12,0.0059,0.005192401794606239,0.004238419425499311,0.004677861038719454,1.109994878348853,0.8116299231102468
spd,per_query_rf,512,36,12,0.0059,0.0015531743765554704,0.0012095233312212194,0.0032351609770317506,0.4800918370313995,4.338617428353851
spd,pca_comp,512,36,12,0.0059,0.001787852860278557,0.001293963584024872,0.0032351609770317506,0.5526318081145087,3.2743737015761796
spd,input_concept_comp,512,36,12,0.0059,0.0026102333999770554,0.0019445159046380682,0.0032351609770317506,0.8068326177610907,1.5361481629407203
spd,internal,512,36,12,0.0059,0.002702684474538727,0.001941429839818315,0.0032351609770317506,0.8354095804587847,1.4328512177641735
spd,random_comp,512,36,12,0.0059,0.002711893093466786,0.0021267874104016976,0.0032351609770317506,0.838255997992081,1.4231368386551744
spd,output_comp,512,36,12,0.0059,0.0028893312588125185,0.0017766341145955362,0.0032351609770317506,0.8931027789113203,1.2537100827795593
spd,mc,512,36,12,0.0059,0.0032351609770317506,0.002649565972222222,0.0032351609770317506,1.0,1.0
spd,random_stratified,512,36,12,0.0059,0.0034860943972568866,0.0027297265989998524,0.0032351609770317506,1.0775644309530978,0.8612188067976903
spd,embedding_comp,512,36,12,0.0059,0.003490844077440229,0.0021038887496288967,0.0032351609770317506,1.079032574336708,0.858876833904731
spd,ase_output,512,36,12,0.0059,0.0035766576773293046,0.002603119094953696,0.0032351609770317506,1.1055578695224235,0.8181577326768167
spd,output_active,512,36,12,0.0059,0.0038043496819359828,0.0025490216869249608,0.0032351609770317506,1.1759382945532624,0.7231542336931541
spd,embedding_ase,512,36,12,0.0059,0.006534737222077738,0.003586943614081731,0.0032351609770317506,2.0199109931380717,0.2450956110750916
spd,per_query_rf,1024,36,12,0.0059,0.0012620164087712054,0.000921748881368313,0.0020955069134162615,0.6022487450130939,2.7570725392728304
spd,output_comp,1024,36,12,0.0059,0.0014697241750847411,0.0010712296061079207,0.0020955069134162615,0.701369279993775,2.0328555525085994
spd,input_concept_comp,1024,36,12,0.0059,0.0015670185126175624,0.0011702592615580629,0.0020955069134162615,0.7477992568694916,1.788257032099994
spd,output_active,1024,36,12,0.0059,0.0018267216329907955,0.0013305978482334704,0.0020955069134162615,0.8717325728182539,1.3159320124749165
spd,internal,1024,36,12,0.0059,0.0019470004582830326,0.001361429896892196,0.0020955069134162615,0.929131011602762,1.1583667647214386
spd,mc,1024,36,12,0.0059,0.0020955069134162615,0.0015816840277777778,0.0020955069134162615,1.0,1.0
spd,ase_output,1024,36,12,0.0059,0.0022437749135599608,0.001592163396249082,0.0020955069134162615,1.0707551949337075,0.872207104285698
spd,random_comp,1024,36,12,0.0059,0.002333903763066976,0.0017000393755135545,0.0020955069134162615,1.1137657185115466,0.8061434088497759
spd,pca_comp,1024,36,12,0.0059,0.002337961447624574,0.0015437565820968257,0.0020955069134162615,1.1157020922508167,0.80334760819014
spd,embedding_comp,1024,36,12,0.0059,0.002351875756429972,0.0016107167675432897,0.0020955069134162615,1.12234216044449,0.7938701001959071
spd,random_stratified,1024,36,12,0.0059,0.0025523075445984893,0.001902300871773135,0.0020955069134162615,1.217990514971633,0.6740811573935811
spd,embedding_ase,1024,36,12,0.0059,0.0033345300841227383,0.0025985998519936432,0.0020955069134162615,1.5912761073579678,0.39491980691655787
spd,per_query_rf,2048,36,12,0.0059,0.0011678368726392389,0.0008157222833601965,0.0014737677820549533,0.7924157976983738,1.5925524692946031
spd,internal,2048,36,12,0.0059,0.0012720271656567563,0.0008657587493521351,0.0014737677820549533,0.8631123445262867,1.342348691630178
spd,output_active,2048,36,12,0.0059,0.0012800322060279098,0.0009432264909187042,0.0014737677820549533,0.8685440281799974,1.3256116825988074
spd,output_comp,2048,36,12,0.0059,0.0012923483054807692,0.0009562669450117633,0.0014737677820549533,0.8769009074677822,1.3004658763295016
spd,input_concept_comp,2048,36,12,0.0059,0.0013215927980064475,0.0009271335460920931,0.0014737677820549533,0.8967442592371506,1.2435486770199993
spd,pca_comp,2048,36,12,0.0059,0.001395441930491143,0.0010486899302264323,0.0014737677820549533,0.9468533289182124,1.1154101167477892
spd,random_comp,2048,36,12,0.0059,0.0014544132229618177,0.0010943346500333218,0.0014737677820549533,0.9868672939327331,1.0267920270313033
spd,mc,2048,36,12,0.0059,0.0014737677820549533,0.001086284722222222,0.0014737677820549533,1.0,1.0
spd,random_stratified,2048,36,12,0.0059,0.0015598603441957224,0.001208761440164934,0.0014737677820549533,1.0584166401172956,0.892661248284689
spd,ase_output,2048,36,12,0.0059,0.001767017171355387,0.001272603559947053,0.0014737677820549533,1.1989793730539695,0.6956272344021124
spd,embedding_comp,2048,36,12,0.0059,0.0018657635211989365,0.0012040626209944294,0.0014737677820549533,1.2659820250632718,0.6239430063149414
spd,embedding_ase,2048,36,12,0.0059,0.002037758670998447,0.0013653346198295709,0.0014737677820549533,1.3826864013522477,0.5230613336565827
